following_id,follower_id
ca909497-30c1-408c-bf00-7bba2b3f7c04,501eca11-c32b-4f79-991b-eb150dd86398
7f74cb77-7636-4e13-a8c1-6836fe4868ce,a254b669-4883-480c-89d6-c917ef164477
55ea0d03-6ebb-4a60-9a56-6b13358ca3c4,aa311c24-ba97-4592-8f7a-dd55d8658e7a
a81eca9d-2c5b-4753-b6e4-8e8e33b0229b,66d4f35e-4e8c-499b-9a0b-f7b6c46ccc5e
52ee3765-b809-40e3-848c-fda472db83c6,6869f07a-5f75-4aa6-a1fe-035c801499ca
c4a9fced-c8fd-46fe-8b84-4ff175738db7,0df53414-8f26-403a-ae88-bcc69bbe5506
6e00a89d-afb1-491b-9799-e5a01219e903,c353dfdd-779d-4bf3-8237-40ab43c919b8
ace7d2a3-8bb6-44b9-95c9-78a166c3804e,39db51fd-8373-4f15-9f93-84a573fbf5d3
90da0a86-98f4-4b7e-833c-af29a30a53f5,00dcff6b-26aa-4437-92d2-71f17e0f7b0b
7c6fa7cf-aaf9-4140-9edc-f2e274011abd,f87d5c2b-74a1-4c13-bf72-7a0d6a40f557
7fe933af-43de-4698-b2b3-ce701248817e,fba463b5-c0a3-41f8-a90d-7ae9145f99ee
ee489a94-a87e-4808-9d02-7c8b8561119e,26e145bb-9cf9-4328-bea2-53130bbf5717
bb4cd9e1-9bd7-4977-86d8-f98fe57c3046,fe583d5f-ff36-44ce-a690-25a109231dcf
b925f684-1d55-4700-9382-d18538a6ce91,c04525e1-e353-4cee-abce-5b165c3de8a0
42d379d9-756d-4e23-afe2-454b4b75fc5b,42baa343-d4be-40f6-98e6-b20d04a4c758
6b54bd24-b4bd-40fc-8971-9c6a99e8125f,b2839a14-7ffb-4ffd-aabc-d43d7b9f41af
f0633031-92aa-4ff7-be44-81c539398722,96dc241d-0dc2-48ef-ab85-a872d80cdace
bc635cfd-88fd-447c-8985-927b5f72ad35,78d673a8-70e8-4eec-8bf6-2220a62b2299
3906f900-cb9b-4625-b451-5a09ddfb3661,ee8fb010-dc95-43df-99f5-15029907761c
fd73887f-8bf3-43b0-8f52-9d78d8e4b197,1ce96c28-a2f9-415f-aba4-c5c9670a2ae7
5f662a04-9f8e-44e5-a5b0-9d66d26f15bb,2bc89771-e407-4120-bc96-14add81eae7f
4738bcce-9d11-49f7-aa99-bf86fa875e61,e30068e2-3773-45c4-a40f-08336085796a
1635d952-fbc3-4d25-be06-1341b35beba8,a4c94437-1406-4bf7-a955-d0158581515a
a03a138a-2d69-4d19-a00f-92b999dd99ef,b5c526c2-d4b4-46cc-a890-6588ac0f9a4e
7a778c27-67ab-4086-800d-987cf0c0ce72,33e2096f-8103-4811-97ea-ed3051ef86c6
b285a469-2e63-49a7-b5b5-3cf4fa735d07,3a635fbf-064b-40f5-8b08-3259b725cdb4
69660775-d299-45be-bab7-6a105b0958c7,2915e8da-5ce3-4780-ba45-9395b4fd9468
f6b3d021-6c90-4ffb-9cec-0dc6342ad3fd,4291c577-afba-4f4d-aa92-d6ced167596e
66d17f84-7902-43c6-9d11-149cd022e6ca,1d7ee51d-5822-464e-a3fc-4a019db75c4d
12d7860e-ed09-469a-b8da-f07c7918c4de,dd546bf4-ed92-4988-b02b-5a514773049d
bb34fac7-4eae-4ec5-86ce-d5665ac4f8ca,1048b533-bea2-464c-b551-b37b350d2882
af7e1d52-82ca-4b2a-a9fc-8308b27dcf17,62409db5-5e8c-4449-ad61-3a752afbf3da
e989ed54-b262-4cae-9677-7dbb8f04710d,c82b1035-aff5-48e3-9f2f-aadf902ea863
1d7ee51d-5822-464e-a3fc-4a019db75c4d,d2a5d50d-5126-42a3-a6d9-99547dc9aa85
17f3cc76-4e20-4446-8d31-2da944b85d09,22279f5c-9e94-4446-aa92-cc73071d2c36
e134720f-00f5-4847-bc38-e5730f35f62f,202357cc-de7a-4bd0-a264-9dc1b4810dfd
1cf57362-bdfa-4f48-a1df-02c931fcbaff,aa311c24-ba97-4592-8f7a-dd55d8658e7a
965d66db-184e-478a-814b-581f2ec3f0c8,ece0cd63-7449-4b40-ba71-61ad5ba63b13
2d6aaea4-0eed-4449-afa9-b4e798aec799,e989ed54-b262-4cae-9677-7dbb8f04710d
acd53737-49ec-411a-a0ff-7e9f07a7c5b1,df38d183-c55d-472e-b1fa-22d1a38a9e56
488a4a1b-3ead-422a-aae9-7845c566f1a2,b6db6c24-4e18-4040-a652-a5e92e6f531b
c4a9fced-c8fd-46fe-8b84-4ff175738db7,ff13ff55-bb3f-4c53-8ad7-49c9bfd1950d
c38bd8ff-72cf-48bb-aa28-72371917eb5e,fc3b7423-2223-441e-ac09-1b2b60d6622b
8d234d8a-faa8-46cf-b3ba-7f7c98cbbd89,6f7d0986-01dc-471e-82f5-b3aae9341c5e
d66fb8da-0ae8-4e8e-9dfd-7b6072576761,203a9a75-870c-4542-acbd-c26feb7be8f5
ef901f51-0ff2-4dd4-90d9-ed1fae413ed5,6b54bd24-b4bd-40fc-8971-9c6a99e8125f
f16a5e87-3088-481a-ae24-984b3c1d6703,bb98672c-ffe1-41e6-99e7-1e43f52ea66d
6bdd5ac8-909e-4844-8dac-501a2044de91,eb2f2daa-1b80-47e4-9f80-ae14567b58ad
66d4f35e-4e8c-499b-9a0b-f7b6c46ccc5e,46b6e9b6-097a-4df5-a4a6-5a204f75b87d
480a1246-1b0d-4b44-a9d1-adc67648ffa3,cea32ed7-89fc-4899-9c94-7742742ab7a7
a3a467fe-b0c0-47ac-a7d9-662aaa2be43e,7a2a6688-e956-4804-a713-6eb71bf80061
d1f8b800-e7ec-4e12-988f-fd9741a6ea85,ff13ff55-bb3f-4c53-8ad7-49c9bfd1950d
0a1dd5c4-0f80-4484-8648-e7f63fa0f8b5,6ffba7ce-91f2-4d18-9143-d1f4206febc2
12d7860e-ed09-469a-b8da-f07c7918c4de,d70f48e2-c01b-452d-974a-28beda53f116
edb65928-66a7-46b7-b02a-26d89944f6c7,fd151260-7e65-488e-b751-18a820d7b257
65f4a7b9-a1c8-431f-ad72-761564ec12d8,1deb7e14-856e-4b2d-86af-9d98aeed5561
8f857adb-4c9b-4276-bd45-e0c49604b439,e797a53b-4c18-4660-a257-3f430762861c
7fe933af-43de-4698-b2b3-ce701248817e,87d82b16-41c9-4c96-bf5f-ed7db8ea0d2f
95e4ab9e-917a-461a-aba9-0bdf1c257fcf,651d780d-0e4c-4909-a805-b7cd0775346f
feef8781-67e7-4c9d-a10e-0c4078b85467,0b9a6b1c-70f1-46d3-a2a9-a3ced788d014
325e7fd1-cc07-4664-8903-ae17ae31f906,39ca7d45-311b-4ad5-848f-b96dda983f93
318ff4fc-36cb-47e0-a40a-000cc8b2064e,e3a1c25f-31ea-4e08-8c86-1bcaa73bb5ee
bec1e3c5-d9c3-44d8-bf01-794ddc474e67,a8a9a705-c52f-4f27-944f-b4336c0bf219
670dc0a7-3fd1-4da7-b3d6-b465cef26176,4beb34c5-ed7d-44fa-a46d-794ed1d373a8
c1b00154-a460-4482-b303-3703e51627ac,027bd361-a3ca-4d71-9693-f56044fcafc3
9af54ba5-7e96-41fa-ae33-490cbac27388,f6a43ef5-4819-42d5-9109-16b9e4dfe3b1
cb5d87f4-3dc1-4044-bf0c-949694500ada,ce901b1c-dcaf-48ee-943c-0cfbc230aa3d
dbc1c240-6a87-41a4-98a4-418da09999d8,3716fbee-9558-49b1-bd86-5f44771f2c86
2b267ede-5cdd-4f9f-b988-ed270f9c814d,d6efe88a-7278-4493-a091-7b15f51d78ad
126b6776-f33e-4403-bbde-693e554d78b1,d08e6457-7d53-422d-a00a-668f851edf77
daf60745-3465-437d-8851-1016b8b77f37,5c33b113-f526-45e8-a2b6-0f22f61f68e3
f546ea02-38e6-4c2a-a63f-9a5375122451,0fed9ea7-ff85-41c7-a774-98c8cb7c9425
ed47de20-5e72-459f-b744-9940fcc249c6,578031a7-5b51-4d61-8c7f-9908619f8b5a
af84d784-ca77-43a3-a3f6-94770247b34e,82225f31-5f65-4d02-a4a1-839da0eed774
392f3708-db31-4abb-bf3f-904b980efff3,162d9755-b351-4f10-ba8e-81368939a199
431f2459-2f0b-4585-8df3-b3cc3f1c0405,66b77572-c1f9-4044-a19a-0c0c9cfbb557
af04f522-c7c8-4b75-a302-6512c211ffd1,3716fbee-9558-49b1-bd86-5f44771f2c86
a8a9a705-c52f-4f27-944f-b4336c0bf219,c1a00b8b-e88c-44c2-af58-a3293c525c7e
3051b33c-8c96-4305-88eb-09d07a4fffeb,8a888f64-2845-475d-b74c-fbc269de5f6a
8a888f64-2845-475d-b74c-fbc269de5f6a,d9cded76-aa6d-4a71-90a0-dee6ae8d8998
b1e037cf-956e-461e-a1c0-37a33f957f61,107601cd-ee23-408d-9e5f-70c977e782bd
2678b411-4d04-42b6-9097-ba544bee466f,1660c535-f4c6-409c-bb24-67b9f49169d9
89b19fb6-6d95-4e9e-bdd4-92379c95669d,e3757a4b-d53d-4f4f-80f2-a7d175e55424
ba431580-335b-4b31-8bd5-41065b62b7f6,fdd53da1-6b91-4af3-ae94-14ebf965495b
d297593a-0fdd-413a-812c-bb4b7facdae0,62511d48-3fae-4905-8d1f-87eba2e85774
58936f6c-16db-4d9f-bae9-7ee19275cd64,bed7aee0-f2a8-4ded-ba70-6248830b9c9d
80a74410-4ece-497b-8425-deb70422200c,abd79772-8c25-4ced-bd7d-f95ab39409a7
44d7c2c5-2a36-40ca-8da7-6f262d5b4c0e,2906a50e-9470-41b9-8294-baef2446dee6
ed90935e-7310-4226-a6ce-2c2555fd9724,a4c94437-1406-4bf7-a955-d0158581515a
b1e037cf-956e-461e-a1c0-37a33f957f61,c026a8ce-e5b8-466b-8f8c-c1edaadfb617
a1e186cc-de57-42ae-96cf-ea240bcdd1c8,a4c94437-1406-4bf7-a955-d0158581515a
94eafa31-a680-4186-99ae-86db0940613a,95e4ab9e-917a-461a-aba9-0bdf1c257fcf
9836935e-2b3c-4059-88f4-ca957c272ed8,162d9755-b351-4f10-ba8e-81368939a199
8bbb4003-2faf-4e84-9206-a7130fd3a8ee,f6a43ef5-4819-42d5-9109-16b9e4dfe3b1
1d32e890-8cef-4d1b-a1b7-343b22709518,388f0cac-432b-42bc-a117-5a40e2facbcb
7135d9e6-04ff-442a-bc2c-530dd156f9e4,80b1a0c1-6358-44a3-ad59-087534b413b9
c12f3f47-2828-463e-b6ee-241e8e5648c0,a3adf0b2-d705-47f7-a1b8-649be5a193a6
618d1d5e-ca72-47cc-8c2f-9952d2cb69c5,98426df7-b536-4cdc-979d-2a35e467ff41
126b6776-f33e-4403-bbde-693e554d78b1,dde4a781-6cb7-44fc-9c15-c55a540ad6b0
5c33b113-f526-45e8-a2b6-0f22f61f68e3,e989ed54-b262-4cae-9677-7dbb8f04710d
d6546bc7-6fa9-4b59-b169-79ed37e67ebb,c58f875f-946b-47eb-8c2e-2b5a299faf84
901f9d6f-9e85-4945-86b5-02bbb846e720,712fa617-ae82-43c9-a3e6-344445a90a7b
de8ee0e0-1da2-4520-8df4-bc02d019abb3,ddb025d8-5b90-4c7a-bd50-5e7e8c74dc05
15eb62c1-4dd1-4cc8-8360-26a511d56a39,44ec4f09-facc-4514-91a2-6af355c48533
1048b533-bea2-464c-b551-b37b350d2882,5e1e9834-47a9-4371-b2f2-d3853380a1cd
cbdec045-28ce-4f69-b9f4-60954a7cc617,0ed51fdb-dea2-4890-9ff3-e101b27ed16f
cb5d87f4-3dc1-4044-bf0c-949694500ada,a5773c5b-7913-458f-9a3f-b32b55160ee6
98426df7-b536-4cdc-979d-2a35e467ff41,b94f8667-fcd0-4eff-ab2f-7df6fbd061f2
6bdd5ac8-909e-4844-8dac-501a2044de91,95e4ab9e-917a-461a-aba9-0bdf1c257fcf
d3781110-102d-46db-8279-ec07e3b80d81,fdd53da1-6b91-4af3-ae94-14ebf965495b
94eafa31-a680-4186-99ae-86db0940613a,51aeafb6-f309-4020-8089-fd0c3e1aac14
70ba7a6c-16e7-42de-b167-887278aea568,9fb02004-9f8e-4f84-8257-8474f2f553a5
babc4704-e08a-4099-bf9d-3415f08ddc13,04d9b20b-e80d-4062-8bc9-2a70cb8e5e79
2d748ea6-805c-47c3-92ef-39264b756133,5aa1396c-bbb3-4700-85f1-96a30360895e
6c31daef-a92c-40df-9ca0-21ac5aa3fbd5,c4c566cc-9dbb-4b69-ae22-758bf0d8681c
41d96349-11af-497a-8172-6064408f954e,98d88762-5f30-47ba-bc52-89c537553e44
f0534795-cd19-49ec-af29-9be982cc5afc,980bb92c-1a62-4293-a083-447efe1843ba
8d51607e-9d4e-4d04-9693-14227a7b0480,5931cd4a-be1a-4faa-80a1-8954ef3a1f0d
2e579439-0382-4819-8e1b-0472b54f29f1,e8bfd7b6-27b2-447a-a81d-cbe33f2474bf
027bd361-a3ca-4d71-9693-f56044fcafc3,90da0a86-98f4-4b7e-833c-af29a30a53f5
6b54bd24-b4bd-40fc-8971-9c6a99e8125f,435fecac-aebc-413f-9db8-2037fe553301
fffa83ea-9504-493e-8ea1-5c0295b2fe03,c51dad92-6959-4f07-9371-3667a1a0bb25
3657daad-baf9-4e46-9bf3-dbae75a27685,f5dd489b-dfdd-46cc-809a-c6b0e6dd561e
84bfd7b2-5ceb-4e53-9bc3-78e053d63f1d,11a6a0ea-23b4-445b-b6da-ec04b947a677
4fe88b17-5bed-4bd0-b4e8-d85d96b2bc87,c4a9fced-c8fd-46fe-8b84-4ff175738db7
3b27f408-3ac8-4cbb-8b76-c943020a9fcb,1a29d541-440e-4314-89ea-28d7888d30b8
3ec5593b-269d-467e-bc6b-62f370b762c3,bdb732e7-aeda-4b19-9f1c-64548008c4d9
f28109e7-8ea5-4e42-a647-1e5cee60ee66,7fa8c3d7-1ab1-4c2d-acfe-48b2ca67ffbd
bdb732e7-aeda-4b19-9f1c-64548008c4d9,84cf6a99-e7fb-46aa-830d-476d9fed3c4f
ec532370-d9f0-4af0-81fa-9688be775e65,77a0862f-1030-4e41-84ec-2c83af09d735
b496d321-adc0-450c-9515-99fbb4c9146a,f212f8b6-a5e6-49aa-be72-e47fdd6d7c18
cda377bd-d130-4cf8-ab04-d6cb8549a32b,1d32e890-8cef-4d1b-a1b7-343b22709518
ddd40697-aa49-4d1a-bf47-72f77accb8c8,4c0721c1-ce4c-4ffa-ac04-11c508db2eb1
3415728a-14bf-44dc-837a-c02d1ec1c033,70280a65-353c-44bd-836f-7bd606436ca8
a2a60df7-699b-4d67-878f-5cc2a107c0d2,4bdc9e35-8210-4267-912f-5644faf74a6e
11a6a0ea-23b4-445b-b6da-ec04b947a677,63d80440-3c0a-4ace-ac96-6fd257fce289
5f2542b8-ba5d-44d5-b1e6-a529b10cbbfc,5b985316-0df3-44c6-b32d-715bdc65632b
4738bcce-9d11-49f7-aa99-bf86fa875e61,70ba7a6c-16e7-42de-b167-887278aea568
c4c566cc-9dbb-4b69-ae22-758bf0d8681c,ffdecc07-21f0-42c4-9053-6ae05d1f7fa7
ae8f7980-dd96-4d1c-8f98-1ae99ebdbdbb,17f3cc76-4e20-4446-8d31-2da944b85d09
95577a13-a89b-41e9-83eb-4d4ea2dab97b,a3d287fe-1cb3-487d-ba3a-b395a0a4bdda
afeefa8f-d84c-43a1-8194-69387005c745,951b1557-00ec-4277-830d-debe1047d8f9
d5326c7a-d5a9-4128-a5d4-5faa9455abda,da0c3ad3-f314-4e05-8c9a-0337eadcdb9e
4f643b05-798d-4eb7-b815-eff8e14bb382,980bb92c-1a62-4293-a083-447efe1843ba
daf60745-3465-437d-8851-1016b8b77f37,84bfd7b2-5ceb-4e53-9bc3-78e053d63f1d
c8f3532a-b40b-49ad-a953-23e244e7150c,4e306831-853d-4e54-b38a-83859ccc381f
4f643b05-798d-4eb7-b815-eff8e14bb382,606422f2-2ece-4acf-9178-b528fb957621
46ce48b7-53ca-41bc-99d9-9630f17a4e64,3b27f408-3ac8-4cbb-8b76-c943020a9fcb
8e0a12e2-2830-4938-8811-65f1f848146a,6869f07a-5f75-4aa6-a1fe-035c801499ca
59d874a9-4ee0-4338-8b80-c3469e2096fe,ce5f91e8-c8b5-4a92-84b9-61a612eed403
07d68811-e3ab-432f-8671-c39db3363d23,da73ae99-1241-4771-a49f-30899acade55
712fa617-ae82-43c9-a3e6-344445a90a7b,6c31daef-a92c-40df-9ca0-21ac5aa3fbd5
67df9b61-a009-4638-b621-1686eef0b56e,088e386a-2966-4971-a585-2d98057cbf3f
8d297788-df15-4551-bfe2-90b33fc62fb3,ca909497-30c1-408c-bf00-7bba2b3f7c04
e4a784ae-982c-41d5-88a9-0c439286c4cf,775c2140-9a49-43dd-9f69-0149591ca604
c3656f4d-28ca-4113-aa2f-ceefc966f709,5015abc0-e8b3-43b5-98aa-19de430ba9bf
6a58f38a-4577-4a25-85cc-6e15dc6c5363,4b40cee5-bb1c-459c-93b6-94d79f8d282f
f1b91c5c-3453-40a1-8fc0-8c5799937d2d,d2fb0df7-f0cf-4a76-8f53-2847407b2bd7
8706f275-c41d-460c-81ce-4687be26c2f8,22f37373-b1dc-45fe-9ac5-bdbc2bf522a1
088e386a-2966-4971-a585-2d98057cbf3f,df157e4c-7eae-49c3-8124-bb7e6f284e7f
292f4672-960e-47ad-87c0-73760db7c122,88e82ead-6d31-4137-baed-ff51e2c2003f
c08a3226-8214-4555-a748-5e1dde6f9dbc,7c6fa7cf-aaf9-4140-9edc-f2e274011abd
339d543a-8197-4878-b226-41e7ef2f6585,7135d9e6-04ff-442a-bc2c-530dd156f9e4
2925749f-f5b4-4aab-837f-016ae9c54738,65f4a7b9-a1c8-431f-ad72-761564ec12d8
1e8e9abe-22f0-43ec-8714-ce1eaeb22f90,3d06e0b9-21c3-431d-b092-e79477c1e9d5
1fbeda4e-76ff-48a5-8d0a-d08cb3f8bb6c,9ed5f445-55f2-46f7-86a6-c0aa5e126e65
c212ee5a-71fe-497d-9186-3d38c39957d3,e798d9be-3102-4487-acd0-449f356e3863
b0dfc140-79ae-471b-bafb-c46bbf78b902,e4f1f1f3-cc84-492c-98d7-74cb44778287
3c3f9d1f-5a8b-40e6-bffc-e3c17de71de6,eaa1c22e-a440-455c-88bd-f317565fede0
8905763d-3586-41ee-bb0d-2cd1e5b80378,76d6b74e-bf10-4baf-bcfd-0304ade84f25
49ab22ee-ea25-49d8-9407-7fc56708b39d,235ec06b-e6b1-4f4d-bc34-12b3b82ee6b1
673eeebf-98b5-4d2a-9c9d-801b6e571770,f83a5983-57b6-45d6-b1e3-229c6941ff4e
dbc1c240-6a87-41a4-98a4-418da09999d8,51aeafb6-f309-4020-8089-fd0c3e1aac14
2c48b834-3a1e-409c-b0e7-3ab075359937,e9df3c9e-a326-4b1c-bffe-0433b2396931
af499033-3fd3-40e4-90e5-ac481191ae26,66e4eae4-21f7-431b-aa21-3b486796fda9
83d23b7f-1b49-4f00-9aa1-ca7a942b3bfe,e798d9be-3102-4487-acd0-449f356e3863
7d2ef483-e1e8-4763-8702-acac48d99f6e,e07f92dc-723d-42c3-a28a-ca610746cfaf
027bd361-a3ca-4d71-9693-f56044fcafc3,f5b47c9c-04c8-4ca8-bfe9-c7cffd70e3d2
5094b93c-1bb4-428c-913d-1a4c8e41b303,f0cc1ad7-93b8-4f0b-ab96-66826f1da6c3
a1e186cc-de57-42ae-96cf-ea240bcdd1c8,dbbf02d1-5406-4444-bc1b-520866a76d7c
2d748ea6-805c-47c3-92ef-39264b756133,f87d5c2b-74a1-4c13-bf72-7a0d6a40f557
4b448e10-9ca3-46eb-b30e-2436bc40c181,13ddb7d4-44e2-4bb7-af4b-327df8aedc65
480a1246-1b0d-4b44-a9d1-adc67648ffa3,3bc33a42-fbba-424b-bcbc-5e670f716020
eeb20885-c672-43c4-98b4-72337e6a5184,a92ed420-c517-497d-b581-130ac4af8cad
7ffa374b-7b5d-4eac-a5df-565cec7644f2,0598ae33-88fd-439c-96e0-9c46e1bd69b4
d66fb8da-0ae8-4e8e-9dfd-7b6072576761,9970931d-036e-4050-9759-3299b5be946f
5be1388c-4e5e-471b-af45-afdcd0658603,e522e511-3394-495d-82ef-66f26698a5f8
212f2cfe-11ef-497f-b371-05f370459ffe,d5326c7a-d5a9-4128-a5d4-5faa9455abda
ce462c27-18b5-4ce0-91fd-e45060243bc3,644832c6-720c-40c3-8a43-6f07ce6ef80c
acd53737-49ec-411a-a0ff-7e9f07a7c5b1,1ae5f58a-2495-4ea4-a3f0-dfbfad6b01a1
4b71839d-aeed-41bf-8748-80ad56e8ffa3,c4aa1e18-a290-4af9-8e89-66b2eea4d6ec
2678b411-4d04-42b6-9097-ba544bee466f,d799e0e1-97b5-4ccf-9171-4ffd05556036
6da775b4-441c-4c52-9e85-e140b2225047,23281f8a-4bf5-4ece-b377-d22827756a8a
63a15f76-bffb-4f95-96aa-b5c35867fd97,428b0d70-13ef-4c08-aa43-4b266af6359f
229420e2-edf5-4e54-bc97-bc0a62ef58a9,c12f3f47-2828-463e-b6ee-241e8e5648c0
8a888f64-2845-475d-b74c-fbc269de5f6a,6f7d0986-01dc-471e-82f5-b3aae9341c5e
a500715a-5fae-428c-9a2f-41b58c48c467,b1e037cf-956e-461e-a1c0-37a33f957f61
1498a341-36a3-4557-b2ff-06b357600652,8871ddb7-d3bf-4bb7-aaa3-b76a313f7563
fffdd5c7-2693-4601-9546-24eb4385761a,fba463b5-c0a3-41f8-a90d-7ae9145f99ee
656d1372-c3b0-4708-887e-6d1eb9a63fe8,82225f31-5f65-4d02-a4a1-839da0eed774
6be63446-6b06-4e26-a09c-475625ed7d7b,26b7ad45-afbd-4a13-a2c3-0021ef304d1c
b3aa4ecc-b40a-4f18-ac46-24d976f73f06,dfa12d65-b49f-4879-a777-3d1f1dd0c136
d2671a13-1011-4da8-be3e-9839664cd431,f83f2509-e03b-4944-b57a-d0f29032f6f3
71224ade-f5b2-4e90-8e68-39f27d51bc43,df5d35a3-572f-462b-bf7d-59ec0de21921
2e579439-0382-4819-8e1b-0472b54f29f1,74a6d4b5-a9cc-4d90-b59a-3634f07a3947
39ca7d45-311b-4ad5-848f-b96dda983f93,140886b5-b5a7-4346-8db0-a951972431d1
bb953be0-415e-4ee1-bdd4-395e624119b2,df157e4c-7eae-49c3-8124-bb7e6f284e7f
6612c023-2de7-4f4a-be73-c50e3c68641d,87b9cd71-c394-47f4-b791-46f0d15ec850
d06c607b-0ab0-4db7-ad87-6b2a9f166662,a0cf7e2a-968c-4223-8a79-487c3d3141fd
0bd58eea-fcb7-429c-8e9d-c62556b0fff8,b285a469-2e63-49a7-b5b5-3cf4fa735d07
0f6d4012-ac79-470b-853b-81ebe0c04b26,467950a7-cb60-4501-89fb-36a955746b48
1deb7e14-856e-4b2d-86af-9d98aeed5561,42d379d9-756d-4e23-afe2-454b4b75fc5b
2ad0db5c-c984-4440-a89a-336f3d3aeb82,674f3c6f-aa05-4135-be85-5fb6d1a54a10
c823976e-1987-48b5-acb6-1cdaaaf023b0,f6b3d021-6c90-4ffb-9cec-0dc6342ad3fd
44b69681-0264-4e56-b9b7-f88218fe294f,f2bd95b1-4812-4784-978d-ae9d12779af4
1498d947-e316-4fba-aa86-9aed21aa6320,7611b51b-9da7-4bf1-b517-437c17dffe2f
8905763d-3586-41ee-bb0d-2cd1e5b80378,3906f900-cb9b-4625-b451-5a09ddfb3661
2724dddc-b3c4-4f1e-a569-7bf075a58cce,67e41e8f-1ed1-445c-a4d0-5c9ee5c68846
c58f875f-946b-47eb-8c2e-2b5a299faf84,c1359895-0773-429c-b5e2-0ace10a1456c
ecd430ca-9917-4bae-b75a-e6ab88d624f9,17f3cc76-4e20-4446-8d31-2da944b85d09
17d1e15a-f382-42f2-85e7-597fc64670f3,0c6348bc-e96c-460a-acb9-acb335f3ef79
c8203c02-3f2c-405c-be16-4d44eb6a207e,dc94235e-75df-42fc-b38c-85b2993ccdd8
3d41388b-f9d8-4847-b6f8-883000e853d5,4878f935-1764-4afb-a6aa-b83b3a3900f0
cf419a72-1a29-4aeb-96c1-a1a45a513205,ed2a4f42-817f-4098-8bbc-4f584f2ebbd7
1bb88abc-436b-43b0-abc2-f7d52bbdcbcc,227b24e3-5327-440c-b378-38c3eb2e3680
8e6fe8e9-6056-4819-9c49-80b6ff858fcc,5e1e9834-47a9-4371-b2f2-d3853380a1cd
ccdb510a-2d77-403c-9844-331568ffb1e0,cc9925cd-6447-43dc-8b98-1770594b7cef
7e53ac19-fe96-4cb5-b9b7-021bb51c972c,a2a60df7-699b-4d67-878f-5cc2a107c0d2
c4a9fced-c8fd-46fe-8b84-4ff175738db7,c212ee5a-71fe-497d-9186-3d38c39957d3
a7f64e9f-17a1-44ec-ac76-cd0e604b3e5b,5b985316-0df3-44c6-b32d-715bdc65632b
61080a20-72f1-4214-b652-e5be4a5a405d,e5195ded-6fbe-45e1-bc44-154ef43fdf70
3c3f9d1f-5a8b-40e6-bffc-e3c17de71de6,ccdb510a-2d77-403c-9844-331568ffb1e0
ea5a318c-52ed-4702-9995-230746161486,26b7ad45-afbd-4a13-a2c3-0021ef304d1c
4abc83c1-e472-4b1d-a5b3-716d22fb5edc,4b448e10-9ca3-46eb-b30e-2436bc40c181
9cb8a649-8c46-4bf4-b91d-cfe68629798d,217d8fc6-141a-4969-9f3c-ef01f34ec9c5
6b2ee1aa-8297-4818-8e66-28985af543ff,8d234d8a-faa8-46cf-b3ba-7f7c98cbbd89
cf5e88a6-ff40-453c-a36b-b56ab01b0f77,ae8f7980-dd96-4d1c-8f98-1ae99ebdbdbb
9f899e56-ee6f-4be0-8e1e-10d7bd149778,9970931d-036e-4050-9759-3299b5be946f
f72bba16-5921-419e-87b5-e87736df8601,b2c36939-c2f6-46c7-92f5-f1c996103de2
2915e8da-5ce3-4780-ba45-9395b4fd9468,8512fc9b-5cc9-45d2-ade7-0fd8fc98f4cf
29341716-1390-4b84-97a3-c5d4f71fa810,a58246f5-256a-4f00-afb9-5839dc2bd612
a5dc57a0-3f6f-41cf-91a9-195eee30014a,bfb8e425-4855-4ff6-9096-5e94d29f8a1c
5328bfe3-4d03-47d5-b3fc-2db1ae8aa196,deedcae9-2255-4df1-a624-39db95cb1276
5be1388c-4e5e-471b-af45-afdcd0658603,10ef629e-94ed-4071-aa77-7354b8f00f9e
80b1a0c1-6358-44a3-ad59-087534b413b9,16af8b7d-1c59-4f24-916a-e3582796e003
4f9b86e3-0aab-4f37-b8d3-a3a8b1a94a5c,78d673a8-70e8-4eec-8bf6-2220a62b2299
59c76bd2-2a19-4ae2-a323-c44c56a5480b,f94c4edb-5d05-4d4e-a1ea-8023675ebc37
65ac1cfb-1ef4-44e2-b4af-8aeec2c04c72,42baa343-d4be-40f6-98e6-b20d04a4c758
4eead51f-9d0e-43f3-adbf-2cf0c25fdbe7,5040ec3c-b2ff-4e5d-bb9d-717183135988
4738bcce-9d11-49f7-aa99-bf86fa875e61,b3431350-877e-4052-8ab3-5ffeb1ac87d5
feef8781-67e7-4c9d-a10e-0c4078b85467,ddb025d8-5b90-4c7a-bd50-5e7e8c74dc05
57966409-98a9-4c01-b386-da2ddf360698,2915e8da-5ce3-4780-ba45-9395b4fd9468
13ddb7d4-44e2-4bb7-af4b-327df8aedc65,1cc50a9e-296e-48c5-8963-1ce006d2c506
b3402cce-3310-4c84-90d2-bbf7efb3e2ff,3657daad-baf9-4e46-9bf3-dbae75a27685
9af38e59-3b8e-4ca0-a67e-fcee46dfbb2e,b3af297a-f67f-4330-9afb-d71e3bce0930
4e0e6a03-b0d7-4ea0-875c-3112da1605bc,945849a5-c401-413a-91fb-1a78f06d1ce8
44fa3df8-caf8-4d27-bbff-6215296ed7ab,ba827d37-d5a3-41f3-a2f8-0804c84554f1
0f4188c2-657b-46c1-8349-b0c8a2e673e1,5328bfe3-4d03-47d5-b3fc-2db1ae8aa196
0584fd98-78e8-40bf-abf1-50effbefc978,1fdf5bfa-444a-4be7-be88-29f33a5b5e21
578031a7-5b51-4d61-8c7f-9908619f8b5a,a9eb77a6-57ab-420e-bbdf-6a5f34d785fd
cf419a72-1a29-4aeb-96c1-a1a45a513205,b3402cce-3310-4c84-90d2-bbf7efb3e2ff
39ca7d45-311b-4ad5-848f-b96dda983f93,ba827d37-d5a3-41f3-a2f8-0804c84554f1
d04e1f43-e5f2-4be0-9173-786ce3f6e09c,95577a13-a89b-41e9-83eb-4d4ea2dab97b
162d9755-b351-4f10-ba8e-81368939a199,d1b58f89-7443-4695-bb92-f8c795f60d99
83d23b7f-1b49-4f00-9aa1-ca7a942b3bfe,3cde1289-1692-41c0-847f-9b00f370aaf7
9cad9132-d09d-4edf-ad5b-2337dafe001f,3f26bd3c-1ac0-4b5b-beb9-20f050d2a5cd
92320314-a3a5-4a8c-b113-729b59a7d132,a4709b18-fc3f-4b0b-b1e6-c8388e2b9581
ea753a9f-848d-4893-ac65-a3dc354b2b84,0df53414-8f26-403a-ae88-bcc69bbe5506
e35ec450-0090-49d7-9094-7552feb2fc14,88e82ead-6d31-4137-baed-ff51e2c2003f
4971fcce-82db-4814-a0ca-eb58e40f4c69,e1a0a27c-d343-4400-8f47-8861993b93bf
1e7d22e7-0f4a-488c-a4b5-5d9d17619272,7be0b165-d898-4d00-bdbd-2660230eba53
83fddea8-1c95-40ae-90a0-289ddf721d45,8a30bf4c-dc47-4e43-a82a-45784002be10
b58dc52d-1629-4e6d-8842-805fc7ac2d6a,74a76744-1eae-4490-988c-d284fcc1b80d
edee6b91-3967-4b3b-b0da-163777a3a76c,63a15f76-bffb-4f95-96aa-b5c35867fd97
235ec06b-e6b1-4f4d-bc34-12b3b82ee6b1,ed90935e-7310-4226-a6ce-2c2555fd9724
af41c4a2-3194-43f9-b316-3c5e673cf26f,f3715fb3-775f-4bd8-aa47-e59936ad42ca
88e82ead-6d31-4137-baed-ff51e2c2003f,3e16111c-3835-46bf-85d8-628bc6337819
e9df3c9e-a326-4b1c-bffe-0433b2396931,9165bef1-dd7f-4ee0-849e-e253d8bcbda1
7fa8c3d7-1ab1-4c2d-acfe-48b2ca67ffbd,23281f8a-4bf5-4ece-b377-d22827756a8a
9877e793-87c3-4d92-a8d5-6c90031997f8,e465b69e-b2e4-4a6d-b08e-2703005ee68e
ee489a94-a87e-4808-9d02-7c8b8561119e,517f2d90-9bce-4cee-85ed-5cef544d0ff2
d1b58f89-7443-4695-bb92-f8c795f60d99,bb953be0-415e-4ee1-bdd4-395e624119b2
56017553-06ce-4b05-831d-f33670de3cb2,c6927dec-80b7-4f2c-9316-80ee57cbf181
7d2ef483-e1e8-4763-8702-acac48d99f6e,a2e59e45-faa2-40e1-b009-61e707101077
318ff4fc-36cb-47e0-a40a-000cc8b2064e,f5847328-82c3-43cc-bf6a-bd1f02585751
ace7d2a3-8bb6-44b9-95c9-78a166c3804e,03749208-9d7e-49ef-ac14-70c223dd941a
feef8781-67e7-4c9d-a10e-0c4078b85467,b1bb2eb8-0317-480f-85c5-a88d4ee6dda0
2e7beb5d-94ba-4551-a319-ecc525beae19,4a51bb9d-9529-4e85-8f85-ee2654e25a46
2d6aaea4-0eed-4449-afa9-b4e798aec799,7d0bf78b-fad6-4878-8eed-e2427747f7a1
a30856c5-ebb6-49da-9040-8b76d0a01444,447d4022-e8cd-4d92-932f-4c1e57ae7a5d
585dc1c7-0d6a-4d8a-8ddd-6d8f60e778be,d297593a-0fdd-413a-812c-bb4b7facdae0
4ff9f238-fed7-4491-9665-cc25665f0f00,4f9b86e3-0aab-4f37-b8d3-a3a8b1a94a5c
b1d7cd39-10a1-491c-a9b6-26e7e4044ee6,c4aa1e18-a290-4af9-8e89-66b2eea4d6ec
92320314-a3a5-4a8c-b113-729b59a7d132,52ec2474-a128-4af5-b252-62c7a2571ca9
0f5ff807-025f-468d-99e2-90703c2829bc,c4aa1e18-a290-4af9-8e89-66b2eea4d6ec
e1fa3ba7-df04-4afc-a839-1fa634b9cc1f,e9df3c9e-a326-4b1c-bffe-0433b2396931
1a89e35d-72de-4b61-a707-13271187721d,4daf052c-3768-48c0-ba10-98ae9851720e
e7332339-fdb1-4644-b32c-d8ccfd1d24b8,4e8db4a6-8dbd-4586-b48c-219946a34607
cea32ed7-89fc-4899-9c94-7742742ab7a7,d3781110-102d-46db-8279-ec07e3b80d81
e9c7f0fd-57e5-49a9-b472-73fc13999c86,cced2329-7591-4918-8a71-ec86518e7e9a
abd79772-8c25-4ced-bd7d-f95ab39409a7,1660c535-f4c6-409c-bb24-67b9f49169d9
6be63446-6b06-4e26-a09c-475625ed7d7b,0f5ff807-025f-468d-99e2-90703c2829bc
ea5a318c-52ed-4702-9995-230746161486,10b9793b-6a88-460f-93cc-ae0fa07c817f
1459710f-132a-4ea7-b091-dad9722b4b5b,386e4d15-d70f-4e17-984e-d3e86ee59903
ddde5fda-3d34-47fa-800a-689615cd4e08,656922f9-48c6-418e-8fc7-e5600be0dd32
95e4ab9e-917a-461a-aba9-0bdf1c257fcf,fffdd5c7-2693-4601-9546-24eb4385761a
bbed1544-aa6f-4c9b-94f9-f74956305279,edee6b91-3967-4b3b-b0da-163777a3a76c
45b00790-c333-457f-b4ac-fc3c8b6bd197,0c6348bc-e96c-460a-acb9-acb335f3ef79
b1b058c3-f18b-437b-8da2-7b3b3ed6aa3e,2906a50e-9470-41b9-8294-baef2446dee6
e6e5770a-ae87-4896-a176-fe8fdd188b74,8f857adb-4c9b-4276-bd45-e0c49604b439
3b1241a9-5b30-4641-b5ed-d8c82220c103,d08e6457-7d53-422d-a00a-668f851edf77
4b448e10-9ca3-46eb-b30e-2436bc40c181,b94f8667-fcd0-4eff-ab2f-7df6fbd061f2
b3402cce-3310-4c84-90d2-bbf7efb3e2ff,daf60745-3465-437d-8851-1016b8b77f37
345986c0-f5d0-4b01-a95f-863544c93e8e,555a0b7e-8397-468a-8db7-116c82a4dc22
5ad4c9d6-2aa1-4e4d-99a8-adce810427bf,65f4a7b9-a1c8-431f-ad72-761564ec12d8
8905763d-3586-41ee-bb0d-2cd1e5b80378,a8a9a705-c52f-4f27-944f-b4336c0bf219
f4bf325a-db92-4884-92bc-e203d0d16301,afeefa8f-d84c-43a1-8194-69387005c745
e465b69e-b2e4-4a6d-b08e-2703005ee68e,a4709b18-fc3f-4b0b-b1e6-c8388e2b9581
76d6b74e-bf10-4baf-bcfd-0304ade84f25,a81eca9d-2c5b-4753-b6e4-8e8e33b0229b
3c3f9d1f-5a8b-40e6-bffc-e3c17de71de6,e1542676-503f-4d10-a5e3-497d99fce308
04e7a610-1bc9-497d-a492-9a57b0d028c3,f1b91c5c-3453-40a1-8fc0-8c5799937d2d
202357cc-de7a-4bd0-a264-9dc1b4810dfd,e0ffeb71-19c6-487f-b071-9e7f0855e0af
501eca11-c32b-4f79-991b-eb150dd86398,d029c645-0d11-4cea-a521-609a00f6fdfe
0598ae33-88fd-439c-96e0-9c46e1bd69b4,ff13ff55-bb3f-4c53-8ad7-49c9bfd1950d
868155dd-e6b4-4a2e-bf99-784edf99767e,d823f3f9-23b5-491b-9c31-d4e656de0e8d
980bb92c-1a62-4293-a083-447efe1843ba,4291c577-afba-4f4d-aa92-d6ced167596e
865b6064-0c7d-41af-aa1b-d55e4d5c4b69,88a6898b-74b1-4fb3-a5d9-efc44d19e914
6c335842-0926-4b9c-94ec-af666daabdeb,4291c577-afba-4f4d-aa92-d6ced167596e
5f6cd4d5-3d58-4172-881f-b2a95a698f24,305768be-ed82-4967-af94-ec8e008998a7
e9c7f0fd-57e5-49a9-b472-73fc13999c86,d029c645-0d11-4cea-a521-609a00f6fdfe
67e41e8f-1ed1-445c-a4d0-5c9ee5c68846,6cc888d0-757b-4169-9cc0-aa521b87c36e
c823976e-1987-48b5-acb6-1cdaaaf023b0,a57fa124-d56f-4e69-b3f4-d4ab19b16f9b
c9c46f26-4d54-4999-a38a-80f794a3cb44,f52a02df-862b-4d2a-99ac-39e2dc53fcfc
989f7502-f7d4-42d0-8189-5829b36ac2b7,651d780d-0e4c-4909-a805-b7cd0775346f
a9eb77a6-57ab-420e-bbdf-6a5f34d785fd,f6a43ef5-4819-42d5-9109-16b9e4dfe3b1
c8cc449f-f041-4ee2-a356-df452aaef967,7ffa374b-7b5d-4eac-a5df-565cec7644f2
517f2d90-9bce-4cee-85ed-5cef544d0ff2,aa08100a-df95-42ea-a2f9-57eb515f8a4a
3868b060-b924-41c1-a4ba-03db6b760ec9,1ce19ab0-7a07-4968-bd0d-bafe98ab8f63
bb98672c-ffe1-41e6-99e7-1e43f52ea66d,65c7d791-ab6f-4f53-8b86-fe034dc9ec02
abc5e69a-490c-4ecb-9615-b701e8fb46a7,1520eb92-ae82-40b8-848c-4ea0b5427e7b
9e3a3c42-f03e-4935-bf64-13766babe7c2,43110f1b-ea30-4ac3-9f5a-db36c5b3f557
aa7610e7-e978-4b08-ab08-1811746d0667,100002d5-e746-4ebd-909e-24d80c4fa97b
48c29bc3-df2b-4c5e-ae46-642d45b182d4,a8fa6d48-98d4-4050-9245-5e8543ad541f
c1359895-0773-429c-b5e2-0ace10a1456c,7160ed51-f306-44aa-a4e7-c11323dcbc44
f16a5e87-3088-481a-ae24-984b3c1d6703,66d4f35e-4e8c-499b-9a0b-f7b6c46ccc5e
48cd3154-f67c-4891-ab20-c33b1f2042d4,1391e4de-1a59-4207-92ac-19ff7dae37f8
945849a5-c401-413a-91fb-1a78f06d1ce8,a1e186cc-de57-42ae-96cf-ea240bcdd1c8
e760512d-d151-410b-8797-77503fa339dd,3d41388b-f9d8-4847-b6f8-883000e853d5
4738bcce-9d11-49f7-aa99-bf86fa875e61,eeef6b14-4e4d-4e4f-a9e0-cebdc14e68c2
7160ed51-f306-44aa-a4e7-c11323dcbc44,84cf6a99-e7fb-46aa-830d-476d9fed3c4f
4688b928-47ce-417b-9671-7c8c96af0a6e,7e53ac19-fe96-4cb5-b9b7-021bb51c972c
26e145bb-9cf9-4328-bea2-53130bbf5717,37435134-a19c-46cd-b4ea-5d4d8d92dd54
578031a7-5b51-4d61-8c7f-9908619f8b5a,5be1388c-4e5e-471b-af45-afdcd0658603
b72549a9-037f-41b7-9cce-27f5cd474dfd,683418bb-4717-4b3c-a05e-4afe504999cd
656922f9-48c6-418e-8fc7-e5600be0dd32,bf86b8aa-7948-4294-b551-9c3d8bae57cd
4e306831-853d-4e54-b38a-83859ccc381f,80a74410-4ece-497b-8425-deb70422200c
0a1dd5c4-0f80-4484-8648-e7f63fa0f8b5,3d06e0b9-21c3-431d-b092-e79477c1e9d5
5b985316-0df3-44c6-b32d-715bdc65632b,43110f1b-ea30-4ac3-9f5a-db36c5b3f557
2678b411-4d04-42b6-9097-ba544bee466f,1fbeda4e-76ff-48a5-8d0a-d08cb3f8bb6c
eec33636-4a68-493c-9cfe-55e0da19b54f,b08b9462-6da1-4d4e-aacc-d119c8d39fda
a74d428b-4277-4c77-9b9c-99927f9893e3,32eaaaa0-d72b-40a0-a5fe-a45cddaaa804
b0dfc140-79ae-471b-bafb-c46bbf78b902,d4d463ac-605a-4ec4-b9e4-7974635d56d2
f20850c2-68f4-4d0c-8b7c-0cc0fd45054e,8297fb31-4267-465f-86c9-77ef7295e8de
80b1a0c1-6358-44a3-ad59-087534b413b9,945849a5-c401-413a-91fb-1a78f06d1ce8
48fd09b6-3ae8-4d68-a4dc-ea093449be0e,6b991ce3-66ad-4377-ad4b-89b0bb68ee60
656922f9-48c6-418e-8fc7-e5600be0dd32,214fd035-4340-4937-8aea-68d486dff924
42baa343-d4be-40f6-98e6-b20d04a4c758,c08a3226-8214-4555-a748-5e1dde6f9dbc
35702ba9-84c4-487c-9410-bb21fea1d933,6fdcdb28-c9ca-414e-8c5c-23fda00fdf6e
3d41388b-f9d8-4847-b6f8-883000e853d5,d70f48e2-c01b-452d-974a-28beda53f116
0fed9ea7-ff85-41c7-a774-98c8cb7c9425,8d57c651-1d36-4446-88c4-0fad4678456a
c58f875f-946b-47eb-8c2e-2b5a299faf84,f6a43ef5-4819-42d5-9109-16b9e4dfe3b1
fe0fdf80-40ed-40f5-852c-7839d5518ce4,966d6a75-5097-47aa-a407-1990b6f8d281
44ec4f09-facc-4514-91a2-6af355c48533,f4bf325a-db92-4884-92bc-e203d0d16301
a26c697e-63ef-488a-84bc-241063111310,16af8b7d-1c59-4f24-916a-e3582796e003
325e7fd1-cc07-4664-8903-ae17ae31f906,a45b44e6-7923-405e-84d7-85ba3ce0c58e
0f4188c2-657b-46c1-8349-b0c8a2e673e1,0c3f16a4-af09-4790-badf-2e15bdd6d4a3
4f9b86e3-0aab-4f37-b8d3-a3a8b1a94a5c,372bedef-d9b0-4ab7-bbde-ebc27fd725fd
b3402cce-3310-4c84-90d2-bbf7efb3e2ff,44d62166-e4e8-4601-b555-b0cfd98bca9b
ed90935e-7310-4226-a6ce-2c2555fd9724,801d26bd-120b-47a3-9d9a-0df69de061ae
bfebb7dc-0a76-4f9b-9cc7-7fb943ff5f80,a3cb2397-5890-4dd0-82c9-aeb7504db6f0
a4709b18-fc3f-4b0b-b1e6-c8388e2b9581,7a778c27-67ab-4086-800d-987cf0c0ce72
43954449-a9ba-48e6-a53e-3d21595c3c2f,e797a53b-4c18-4660-a257-3f430762861c
57bc62f7-f397-48c3-ac71-a04d0385408b,7fe933af-43de-4698-b2b3-ce701248817e
1ae5f58a-2495-4ea4-a3f0-dfbfad6b01a1,4a7beca9-c2ef-48a4-b81e-3bcb15e01b89
e436c217-5237-4fee-92d5-468dbded5590,026c3e38-650c-410f-b541-3678d6d56704
e30068e2-3773-45c4-a40f-08336085796a,ef901f51-0ff2-4dd4-90d9-ed1fae413ed5
339d543a-8197-4878-b226-41e7ef2f6585,9af38e59-3b8e-4ca0-a67e-fcee46dfbb2e
0396dd40-6a00-4e80-a988-c5d5a9fd652f,b3af297a-f67f-4330-9afb-d71e3bce0930
3c3f9d1f-5a8b-40e6-bffc-e3c17de71de6,817a4bed-39f4-42dc-a03e-d17bc5681c4e
ca16642c-1a41-4d38-bc6c-2b67d593b817,9f26431a-b16a-409c-aefd-f9443cdd576c
edee6b91-3967-4b3b-b0da-163777a3a76c,43954449-a9ba-48e6-a53e-3d21595c3c2f
9e3a3c42-f03e-4935-bf64-13766babe7c2,70ba7a6c-16e7-42de-b167-887278aea568
5e806f8f-921a-4e3b-b36c-c9d780b50036,38f5dbdb-c10a-44a9-a396-1aa4666b6c1a
a67b7ec3-6725-4722-8b4f-68187f8a5c85,4bdc9e35-8210-4267-912f-5644faf74a6e
15eb62c1-4dd1-4cc8-8360-26a511d56a39,9a5dd6f1-7d05-4bd4-9dc5-e346d0924378
67507580-65ca-448b-8f29-26371c947f31,bbcd6a55-6130-4007-8256-0f340a01a5b0
48cd3154-f67c-4891-ab20-c33b1f2042d4,b75852f0-5343-4ad2-90f8-7bb2af883198
4865f024-36e3-4220-b959-e2a59f5d40e1,7d2ef483-e1e8-4763-8702-acac48d99f6e
ed47de20-5e72-459f-b744-9940fcc249c6,8905763d-3586-41ee-bb0d-2cd1e5b80378
c04525e1-e353-4cee-abce-5b165c3de8a0,d70f48e2-c01b-452d-974a-28beda53f116
488a4a1b-3ead-422a-aae9-7845c566f1a2,1f72eaf7-cc70-42fe-b097-7865bc8e2317
7d156229-7397-4301-a8d2-917b596e629c,62409db5-5e8c-4449-ad61-3a752afbf3da
334bee12-54ae-4fd8-abec-560951a68724,f5dd489b-dfdd-46cc-809a-c6b0e6dd561e
b272a175-a627-44e4-bf5d-4deee87606d7,1e7d22e7-0f4a-488c-a4b5-5d9d17619272
405dd253-37a1-4621-9058-56f96ddeac05,fc3b7423-2223-441e-ac09-1b2b60d6622b
be852397-923a-4ede-a15f-32eceddd8c43,e798d9be-3102-4487-acd0-449f356e3863
e989ed54-b262-4cae-9677-7dbb8f04710d,774b8eba-19d5-49d2-9302-fb798d248eb5
ce901b1c-dcaf-48ee-943c-0cfbc230aa3d,1d7ee51d-5822-464e-a3fc-4a019db75c4d
88a6898b-74b1-4fb3-a5d9-efc44d19e914,7f74cb77-7636-4e13-a8c1-6836fe4868ce
e20a81c7-93f9-43b1-bbd5-346fda6f113c,c353dfdd-779d-4bf3-8237-40ab43c919b8
392f3708-db31-4abb-bf3f-904b980efff3,539af409-112d-4eda-b044-40acd783731c
1d7ee51d-5822-464e-a3fc-4a019db75c4d,b8aeb5c4-8593-480e-ae04-007301deb056
7ca593c5-5c5c-426a-ae1b-5acb396ec37e,6eb2e9d7-9542-47ca-be3d-c3a1c3a69be0
0bd58eea-fcb7-429c-8e9d-c62556b0fff8,8c4f4a58-3413-4455-b2e9-8e528f45aac7
91d70f80-54be-4bb9-9b6a-bc11e7ea4f43,1498d947-e316-4fba-aa86-9aed21aa6320
372bedef-d9b0-4ab7-bbde-ebc27fd725fd,63a15f76-bffb-4f95-96aa-b5c35867fd97
2ad0db5c-c984-4440-a89a-336f3d3aeb82,44d62166-e4e8-4601-b555-b0cfd98bca9b
c51dad92-6959-4f07-9371-3667a1a0bb25,9ba4cc3c-d13b-4763-8fd9-6292713fa854
b6db6c24-4e18-4040-a652-a5e92e6f531b,c9d790d2-e658-4515-80bd-0eb348d81e70
f8ae45fa-6439-4d81-8ccf-9deacbe16b16,e134720f-00f5-4847-bc38-e5730f35f62f
339d543a-8197-4878-b226-41e7ef2f6585,5931cd4a-be1a-4faa-80a1-8954ef3a1f0d
1d894e9a-1f9d-4b02-9e97-2e4914b7e0e9,8c25349d-bd27-4c80-b808-2a16247b64a6
eaa1c22e-a440-455c-88bd-f317565fede0,13ddb7d4-44e2-4bb7-af4b-327df8aedc65
806a8b8b-f40e-4285-a381-1f8c2ff6c61b,c12f3f47-2828-463e-b6ee-241e8e5648c0
8c4f4a58-3413-4455-b2e9-8e528f45aac7,d6efe88a-7278-4493-a091-7b15f51d78ad
7ae6890f-9304-4508-8cb2-ab097a6208b4,fd151260-7e65-488e-b751-18a820d7b257
cf5e88a6-ff40-453c-a36b-b56ab01b0f77,026c3e38-650c-410f-b541-3678d6d56704
334bee12-54ae-4fd8-abec-560951a68724,606422f2-2ece-4acf-9178-b528fb957621
2b397d53-a398-45f5-ac59-980a421cf61c,26b079b3-06cd-4494-897a-75ec4f607d19
ee489a94-a87e-4808-9d02-7c8b8561119e,203a9a75-870c-4542-acbd-c26feb7be8f5
0f6d4012-ac79-470b-853b-81ebe0c04b26,4b448e10-9ca3-46eb-b30e-2436bc40c181
5d97d2b3-a26c-4b29-8724-636b1dab8956,4b40cee5-bb1c-459c-93b6-94d79f8d282f
67a5b110-a38c-4a5c-9e3e-924bc11dce0b,56276adc-7ae7-4f44-9436-56ba8d4326a4
fd151260-7e65-488e-b751-18a820d7b257,df6b26a6-bf2b-41e5-9ea6-1e571a2d13aa
de8ee0e0-1da2-4520-8df4-bc02d019abb3,4b40cee5-bb1c-459c-93b6-94d79f8d282f
e3757a4b-d53d-4f4f-80f2-a7d175e55424,a2e59e45-faa2-40e1-b009-61e707101077
468361b3-52d7-47ec-821f-aa217ec441aa,f28109e7-8ea5-4e42-a647-1e5cee60ee66
69dd5acb-39be-4823-81f3-3cb218673689,671982c0-f0db-4f1a-ab52-f3723495e3fe
5be1388c-4e5e-471b-af45-afdcd0658603,6ffba7ce-91f2-4d18-9143-d1f4206febc2
ae0317ac-13b0-41b2-80c2-7966fee2e109,f0cc1ad7-93b8-4f0b-ab96-66826f1da6c3
3d41388b-f9d8-4847-b6f8-883000e853d5,9ba4cc3c-d13b-4763-8fd9-6292713fa854
66d4f35e-4e8c-499b-9a0b-f7b6c46ccc5e,be2ef67e-1eaf-4c51-b1cc-e8356a152fad
7342909a-b4fa-4f3e-8cb1-1b23d24d6557,b5c526c2-d4b4-46cc-a890-6588ac0f9a4e
44d62166-e4e8-4601-b555-b0cfd98bca9b,d2fb0df7-f0cf-4a76-8f53-2847407b2bd7
4ad7e098-cb93-4f84-9e76-9739a74049bd,d3781110-102d-46db-8279-ec07e3b80d81
65f897ec-7786-4650-802e-4f9beff10fed,6e81b01b-37e4-4d10-b26b-3761352da056
5a0b5728-ab78-4ff9-9934-33f27780fd73,92214ea8-1ac3-46b7-965e-c820e89baa7c
8e6fe8e9-6056-4819-9c49-80b6ff858fcc,7656148b-e42d-4025-a155-d0d5afd90479
447d4022-e8cd-4d92-932f-4c1e57ae7a5d,3c3f9d1f-5a8b-40e6-bffc-e3c17de71de6
8c084fcd-7ea3-4f08-b10f-30b1d26d6cfc,2724dddc-b3c4-4f1e-a569-7bf075a58cce
50c21c14-3226-41a1-a971-10fdaab8e1f4,919812e0-b75c-4f8f-8061-c6af8decde6e
d3781110-102d-46db-8279-ec07e3b80d81,460488d2-a91d-453d-939b-bc155d997db9
b2f6f1d5-aa4f-4227-84de-47e8e9154957,fccdab0a-3917-4804-ab34-4ea148c56251
0ac46409-ea11-4802-ac38-528a6531dd98,52a0f742-f24a-4525-93b7-f1e7060bc82a
0bae2fc3-88c3-43e2-8b0f-2b8de501b3ec,1e7d22e7-0f4a-488c-a4b5-5d9d17619272
9e3a3c42-f03e-4935-bf64-13766babe7c2,c3656f4d-28ca-4113-aa2f-ceefc966f709
ed672db0-2dcf-4170-bbf0-49aedf96dad2,4865f024-36e3-4220-b959-e2a59f5d40e1
8905763d-3586-41ee-bb0d-2cd1e5b80378,cdbf6ee7-3d40-46bb-967b-2827f59ae732
09867482-114e-4f50-bb06-c31fbef3aebf,6b54bd24-b4bd-40fc-8971-9c6a99e8125f
08494855-ad4f-47b6-b19e-850599789de3,386e4d15-d70f-4e17-984e-d3e86ee59903
eeef6b14-4e4d-4e4f-a9e0-cebdc14e68c2,57820265-d1d4-4e81-b2b1-fff8349d1e29
2cc6f900-954a-40ef-bccf-8418fd031ca5,f9e5a32e-049a-4833-8195-b2220a1e305f
aa003d5c-77e7-4980-a37b-650273f3a4d5,cc9925cd-6447-43dc-8b98-1770594b7cef
501eca11-c32b-4f79-991b-eb150dd86398,ddd40697-aa49-4d1a-bf47-72f77accb8c8
c1359895-0773-429c-b5e2-0ace10a1456c,13ddb7d4-44e2-4bb7-af4b-327df8aedc65
f8843602-c9e8-4b73-b7f4-d650a4156432,a3cb2397-5890-4dd0-82c9-aeb7504db6f0
334bee12-54ae-4fd8-abec-560951a68724,1d143bd2-c9d6-4c08-90b6-ea81322967f0
f8efab75-4c2e-4882-afee-5935aa6108c4,55183ee3-2b37-4693-9528-c887eb746983
9165bef1-dd7f-4ee0-849e-e253d8bcbda1,265f0299-5b16-41ce-8f82-11a171750cdd
c6927dec-80b7-4f2c-9316-80ee57cbf181,6f0de5c2-e210-4c4b-a5fb-da3e06469151
817a4bed-39f4-42dc-a03e-d17bc5681c4e,f93a3367-3f66-4945-8fae-ec771ce8e5d2
04d9b20b-e80d-4062-8bc9-2a70cb8e5e79,9887994f-2056-4a85-841b-fa92aa411c9e
88a6898b-74b1-4fb3-a5d9-efc44d19e914,100002d5-e746-4ebd-909e-24d80c4fa97b
f5d729e7-4114-427f-8f62-5f5567476ba9,245e64f7-ee04-43cc-9cb3-b557b131878f
8d51607e-9d4e-4d04-9693-14227a7b0480,4ad7e098-cb93-4f84-9e76-9739a74049bd
d12967cb-af28-4a45-a396-2c31a327799f,98c64de0-c434-4067-94bb-36646668739f
ff6037af-35bc-42cc-b792-00950baaa640,6e00a89d-afb1-491b-9799-e5a01219e903
f44f434c-e348-4b21-8cb5-fbf97c4891ea,e1fa3ba7-df04-4afc-a839-1fa634b9cc1f
e9667610-0584-4e29-9aac-e7a6d23f88d5,6c335842-0926-4b9c-94ec-af666daabdeb
dcdea73a-eae0-47bf-b35e-394461e34099,5aa1396c-bbb3-4700-85f1-96a30360895e
4daf052c-3768-48c0-ba10-98ae9851720e,555a0b7e-8397-468a-8db7-116c82a4dc22
a7f64e9f-17a1-44ec-ac76-cd0e604b3e5b,abecf511-a6d6-4e47-93aa-210e052fb3dd
674f3c6f-aa05-4135-be85-5fb6d1a54a10,0ed51fdb-dea2-4890-9ff3-e101b27ed16f
fccdab0a-3917-4804-ab34-4ea148c56251,7b4620b1-9ea1-4f03-8f3a-33d9aba754e9
b272a175-a627-44e4-bf5d-4deee87606d7,a3a467fe-b0c0-47ac-a7d9-662aaa2be43e
e465b69e-b2e4-4a6d-b08e-2703005ee68e,2fd54714-86e1-4d0d-803b-548638e7b9aa
bf0fc290-7a6f-483e-a767-524bdcbae794,0cc25c23-a7d4-4c31-b5be-bbf574005f4e
9cb8a649-8c46-4bf4-b91d-cfe68629798d,372bedef-d9b0-4ab7-bbde-ebc27fd725fd
55183ee3-2b37-4693-9528-c887eb746983,7ca593c5-5c5c-426a-ae1b-5acb396ec37e
8bbb4003-2faf-4e84-9206-a7130fd3a8ee,6cc888d0-757b-4169-9cc0-aa521b87c36e
82498f50-c54e-49b2-ba38-4aed0d9cef4b,babc4704-e08a-4099-bf9d-3415f08ddc13
644832c6-720c-40c3-8a43-6f07ce6ef80c,bf0fc290-7a6f-483e-a767-524bdcbae794
9a2a9800-b23e-47b5-b12d-98d1e277e251,ca1f3a01-90cf-45a5-85cf-b8ecf8c51e4f
af604406-dcad-4cd4-b412-23d3f0a63c49,5bb833df-5d38-4f17-b87f-191198247f63
67e3620e-b1c6-4614-bac7-3bd099c81723,f3179946-ae6b-440d-8ec3-92cf4db2361f
0396dd40-6a00-4e80-a988-c5d5a9fd652f,c750644b-4ed9-42d1-801b-182a30e501e6
2fea5aa8-0495-4bca-ba9f-b9b96831e1bb,324b7e91-fca5-4132-8812-5130c5707755
4beb34c5-ed7d-44fa-a46d-794ed1d373a8,69dd5acb-39be-4823-81f3-3cb218673689
51aeafb6-f309-4020-8089-fd0c3e1aac14,abc5e69a-490c-4ecb-9615-b701e8fb46a7
a5773c5b-7913-458f-9a3f-b32b55160ee6,1b6b501d-5eac-44d1-bfb3-48f8904e4a09
8d297788-df15-4551-bfe2-90b33fc62fb3,126b6776-f33e-4403-bbde-693e554d78b1
b1b058c3-f18b-437b-8da2-7b3b3ed6aa3e,67507580-65ca-448b-8f29-26371c947f31
e522e511-3394-495d-82ef-66f26698a5f8,98c64de0-c434-4067-94bb-36646668739f
c08a3226-8214-4555-a748-5e1dde6f9dbc,d4c414c0-5b87-4c8c-bca2-fb82c83cdfa2
ae0317ac-13b0-41b2-80c2-7966fee2e109,f6a43ef5-4819-42d5-9109-16b9e4dfe3b1
6b2ee1aa-8297-4818-8e66-28985af543ff,57bc62f7-f397-48c3-ac71-a04d0385408b
aa7610e7-e978-4b08-ab08-1811746d0667,dbc1c240-6a87-41a4-98a4-418da09999d8
dd546bf4-ed92-4988-b02b-5a514773049d,19697ef5-d96b-4df4-bb91-99d69d0154f9
dbbf02d1-5406-4444-bc1b-520866a76d7c,989f7502-f7d4-42d0-8189-5829b36ac2b7
dc8ce186-5a3e-4620-a61e-68092f8b5557,02aedee3-b8ef-4e43-a225-9c67302072f4
bb953be0-415e-4ee1-bdd4-395e624119b2,b72549a9-037f-41b7-9cce-27f5cd474dfd
dfa12d65-b49f-4879-a777-3d1f1dd0c136,7ffa374b-7b5d-4eac-a5df-565cec7644f2
bfb8e425-4855-4ff6-9096-5e94d29f8a1c,8ef52da1-097b-4b87-8a63-041e42e166e7
989f7502-f7d4-42d0-8189-5829b36ac2b7,9af54ba5-7e96-41fa-ae33-490cbac27388
f4bf325a-db92-4884-92bc-e203d0d16301,4b362830-9584-4c00-a83a-1a337db190e2
fdd53da1-6b91-4af3-ae94-14ebf965495b,7bf59a90-b096-48ee-ab9e-e16d5c4d222b
5aa1396c-bbb3-4700-85f1-96a30360895e,20a1b9b5-71fa-48da-bed1-047676af962d
270c8980-263e-4a31-afcd-29a294a495a1,f3715fb3-775f-4bd8-aa47-e59936ad42ca
e691cd21-46d9-4be5-a069-2eca8362a858,eeb20885-c672-43c4-98b4-72337e6a5184
2eb7f040-7ac7-45d2-a7c4-2bd25b03fe38,5a2aa11f-a0ef-4c83-828c-0f0dc4051df0
92320314-a3a5-4a8c-b113-729b59a7d132,a5dc57a0-3f6f-41cf-91a9-195eee30014a
fc3b7423-2223-441e-ac09-1b2b60d6622b,a260687d-3dc0-4aa1-b1a8-16af3bf77f51
5aa1396c-bbb3-4700-85f1-96a30360895e,e436c217-5237-4fee-92d5-468dbded5590
a3adf0b2-d705-47f7-a1b8-649be5a193a6,80b1a0c1-6358-44a3-ad59-087534b413b9
9ba4cc3c-d13b-4763-8fd9-6292713fa854,c12f3f47-2828-463e-b6ee-241e8e5648c0
d7ef0e83-8a1e-43e6-bacd-413797926d42,bfebb7dc-0a76-4f9b-9cc7-7fb943ff5f80
3c3f9d1f-5a8b-40e6-bffc-e3c17de71de6,4eead51f-9d0e-43f3-adbf-2cf0c25fdbe7
e3a1c25f-31ea-4e08-8c86-1bcaa73bb5ee,5094b93c-1bb4-428c-913d-1a4c8e41b303
b1b058c3-f18b-437b-8da2-7b3b3ed6aa3e,d2a5d50d-5126-42a3-a6d9-99547dc9aa85
2b397d53-a398-45f5-ac59-980a421cf61c,b5c526c2-d4b4-46cc-a890-6588ac0f9a4e
d2fb0df7-f0cf-4a76-8f53-2847407b2bd7,7135d9e6-04ff-442a-bc2c-530dd156f9e4
a13ffe97-8f56-486a-9091-0ed509b20f73,af7e1d52-82ca-4b2a-a9fc-8308b27dcf17
325e7fd1-cc07-4664-8903-ae17ae31f906,4bdc9e35-8210-4267-912f-5644faf74a6e
5ec44fb1-b6ce-49f9-a741-3a9a494233cf,3c181f1f-8b4f-49cd-93f4-508f575197f9
c6140547-865c-456d-bcff-e8cbfb6cf87c,0fed9ea7-ff85-41c7-a774-98c8cb7c9425
10a48924-ad8e-4b8d-be4e-c80886189b0c,868155dd-e6b4-4a2e-bf99-784edf99767e
0f6d4012-ac79-470b-853b-81ebe0c04b26,5a2aa11f-a0ef-4c83-828c-0f0dc4051df0
85dc798b-51e7-4739-b011-e9be8aa28e23,29341716-1390-4b84-97a3-c5d4f71fa810
d075425b-aac4-46e0-8a1a-d1b7dd58f994,69660775-d299-45be-bab7-6a105b0958c7
d075425b-aac4-46e0-8a1a-d1b7dd58f994,5328bfe3-4d03-47d5-b3fc-2db1ae8aa196
5b985316-0df3-44c6-b32d-715bdc65632b,b94244e1-860e-400a-87b8-b393199ebd0e
712fa617-ae82-43c9-a3e6-344445a90a7b,f20c58bf-975c-4c1d-9939-80d876fba8b4
12d7860e-ed09-469a-b8da-f07c7918c4de,eb2f2daa-1b80-47e4-9f80-ae14567b58ad
cf5e88a6-ff40-453c-a36b-b56ab01b0f77,3ec5593b-269d-467e-bc6b-62f370b762c3
ddb025d8-5b90-4c7a-bd50-5e7e8c74dc05,f20850c2-68f4-4d0c-8b7c-0cc0fd45054e
97f9ca3c-b315-4ebd-aeeb-6a00d347d5d0,2fd54714-86e1-4d0d-803b-548638e7b9aa
dd05ff8b-b43d-499c-b616-ccc9c68616fe,d62a8e29-cb9f-4454-8f47-a811e5f1c344
e9667610-0584-4e29-9aac-e7a6d23f88d5,73982de8-784d-41f9-ad0d-1bb7e5ab157a
b94244e1-860e-400a-87b8-b393199ebd0e,69dd5acb-39be-4823-81f3-3cb218673689
c4a9fced-c8fd-46fe-8b84-4ff175738db7,1498d947-e316-4fba-aa86-9aed21aa6320
83d23b7f-1b49-4f00-9aa1-ca7a942b3bfe,bcf80f53-6eaf-4e8d-a80c-1ac1184b3102
ce462c27-18b5-4ce0-91fd-e45060243bc3,ca16642c-1a41-4d38-bc6c-2b67d593b817
39ca7d45-311b-4ad5-848f-b96dda983f93,cf419a72-1a29-4aeb-96c1-a1a45a513205
cea32ed7-89fc-4899-9c94-7742742ab7a7,083ef3f1-2a9a-4994-b047-1c89b04485f8
0b470f37-c73f-450c-b1d0-9fd2b7f21daa,3d06e0b9-21c3-431d-b092-e79477c1e9d5
6d6f24a2-88e5-4ab2-9f64-d5cbdee4830b,d1b58f89-7443-4695-bb92-f8c795f60d99
1459710f-132a-4ea7-b091-dad9722b4b5b,24dafa6a-b6cd-4fba-a4af-69a971e067ac
24387f83-eb63-4130-a7a2-ec6ee24444f8,c8203c02-3f2c-405c-be16-4d44eb6a207e
cef00319-bf3e-41db-8656-9e7b42bcfec5,e0ffeb71-19c6-487f-b071-9e7f0855e0af
554da4d6-b9ec-4279-820c-9387ef9315ac,0ac46409-ea11-4802-ac38-528a6531dd98
d62a8e29-cb9f-4454-8f47-a811e5f1c344,be852397-923a-4ede-a15f-32eceddd8c43
7fa8c3d7-1ab1-4c2d-acfe-48b2ca67ffbd,df157e4c-7eae-49c3-8124-bb7e6f284e7f
868155dd-e6b4-4a2e-bf99-784edf99767e,901f9d6f-9e85-4945-86b5-02bbb846e720
00dcff6b-26aa-4437-92d2-71f17e0f7b0b,11a6a0ea-23b4-445b-b6da-ec04b947a677
8bbb4003-2faf-4e84-9206-a7130fd3a8ee,6e00a89d-afb1-491b-9799-e5a01219e903
43954449-a9ba-48e6-a53e-3d21595c3c2f,46b6e9b6-097a-4df5-a4a6-5a204f75b87d
ff8b563c-5b4e-400d-9ed4-4c374adddaaf,7611b51b-9da7-4bf1-b517-437c17dffe2f
a254b669-4883-480c-89d6-c917ef164477,b72549a9-037f-41b7-9cce-27f5cd474dfd
6030dcea-4f83-46a9-9005-599e9d4f41ec,f6b3d021-6c90-4ffb-9cec-0dc6342ad3fd
e6d7af31-95a7-4548-8b8c-b2db5bdbcf73,c3656f4d-28ca-4113-aa2f-ceefc966f709
5b985316-0df3-44c6-b32d-715bdc65632b,b1e037cf-956e-461e-a1c0-37a33f957f61
ee8fb010-dc95-43df-99f5-15029907761c,539af409-112d-4eda-b044-40acd783731c
292f4672-960e-47ad-87c0-73760db7c122,3b1241a9-5b30-4641-b5ed-d8c82220c103
4c0721c1-ce4c-4ffa-ac04-11c508db2eb1,39ca7d45-311b-4ad5-848f-b96dda983f93
f212f8b6-a5e6-49aa-be72-e47fdd6d7c18,c5a533eb-6810-4b0d-8216-e2ba0c4ff24d
44b69681-0264-4e56-b9b7-f88218fe294f,c4a9fced-c8fd-46fe-8b84-4ff175738db7
4b448e10-9ca3-46eb-b30e-2436bc40c181,ed47de20-5e72-459f-b744-9940fcc249c6
1d2c5ae3-f422-4212-b109-718205e9d62d,9a56c5b0-20da-4886-9ebb-d7ccef0383fd
d1e7bd6b-9bbc-498a-9bbc-e06c69566074,0a1dd5c4-0f80-4484-8648-e7f63fa0f8b5
edee6b91-3967-4b3b-b0da-163777a3a76c,2c53dc07-7953-455a-856f-50e2e3acc73b
7be0b165-d898-4d00-bdbd-2660230eba53,656922f9-48c6-418e-8fc7-e5600be0dd32
96901dd3-0436-47ab-bcf5-0c01e713a7f7,488a4a1b-3ead-422a-aae9-7845c566f1a2
8f857adb-4c9b-4276-bd45-e0c49604b439,e760072e-18e1-4062-9a66-96c79b48343c
d2671a13-1011-4da8-be3e-9839664cd431,a2a60df7-699b-4d67-878f-5cc2a107c0d2
f9e5a32e-049a-4833-8195-b2220a1e305f,48d54eac-b453-413d-b77f-63ac46302a54
95e4ab9e-917a-461a-aba9-0bdf1c257fcf,1d143bd2-c9d6-4c08-90b6-ea81322967f0
d029c645-0d11-4cea-a521-609a00f6fdfe,4bdc9e35-8210-4267-912f-5644faf74a6e
325e7fd1-cc07-4664-8903-ae17ae31f906,5bff844f-8594-4ead-980b-e4e1e8c62007
8905763d-3586-41ee-bb0d-2cd1e5b80378,edee6b91-3967-4b3b-b0da-163777a3a76c
3cde1289-1692-41c0-847f-9b00f370aaf7,d62a8e29-cb9f-4454-8f47-a811e5f1c344
44fa3df8-caf8-4d27-bbff-6215296ed7ab,8aa9c29a-e1df-42b7-8bb5-19c4e81a0056
92214ea8-1ac3-46b7-965e-c820e89baa7c,e96a168c-6c41-4414-a796-61fece58fd3b
96901dd3-0436-47ab-bcf5-0c01e713a7f7,6eb2e9d7-9542-47ca-be3d-c3a1c3a69be0
b58dc52d-1629-4e6d-8842-805fc7ac2d6a,1ae5f58a-2495-4ea4-a3f0-dfbfad6b01a1
7135d9e6-04ff-442a-bc2c-530dd156f9e4,c750644b-4ed9-42d1-801b-182a30e501e6
0f2759b3-3780-4d80-a807-3859b81388cc,86da63ce-8ff6-407a-80e4-2b1fccdd16fc
0c6348bc-e96c-460a-acb9-acb335f3ef79,324b7e91-fca5-4132-8812-5130c5707755
f0534795-cd19-49ec-af29-9be982cc5afc,d5326c7a-d5a9-4128-a5d4-5faa9455abda
f2bd95b1-4812-4784-978d-ae9d12779af4,44d7c2c5-2a36-40ca-8da7-6f262d5b4c0e
1660c535-f4c6-409c-bb24-67b9f49169d9,5bb833df-5d38-4f17-b87f-191198247f63
dbc1c240-6a87-41a4-98a4-418da09999d8,1a29d541-440e-4314-89ea-28d7888d30b8
82225f31-5f65-4d02-a4a1-839da0eed774,9a2a9800-b23e-47b5-b12d-98d1e277e251
3f10e465-d96a-487f-9efa-bda15bcf53aa,fffdd5c7-2693-4601-9546-24eb4385761a
042aef07-7b9c-49eb-9d36-91c74cc93d18,027bd361-a3ca-4d71-9693-f56044fcafc3
8297fb31-4267-465f-86c9-77ef7295e8de,f615d6e5-80cb-4fb2-931b-bdf487101c4f
292f4672-960e-47ad-87c0-73760db7c122,cf419a72-1a29-4aeb-96c1-a1a45a513205
a2b34384-4b40-46d0-967e-fab1672c7198,107601cd-ee23-408d-9e5f-70c977e782bd
26e145bb-9cf9-4328-bea2-53130bbf5717,0f4188c2-657b-46c1-8349-b0c8a2e673e1
59c76bd2-2a19-4ae2-a323-c44c56a5480b,d08e6457-7d53-422d-a00a-668f851edf77
6a494e02-da86-4c99-a2e7-4237a7fd7ee3,fffdd5c7-2693-4601-9546-24eb4385761a
7ca593c5-5c5c-426a-ae1b-5acb396ec37e,980bb92c-1a62-4293-a083-447efe1843ba
7820845b-e505-49cb-9218-fb31f422cd15,77d10228-58cb-4f10-b20a-118afdd5b66e
9877e793-87c3-4d92-a8d5-6c90031997f8,42baa343-d4be-40f6-98e6-b20d04a4c758
0a1dd5c4-0f80-4484-8648-e7f63fa0f8b5,3c181f1f-8b4f-49cd-93f4-508f575197f9
1d32e890-8cef-4d1b-a1b7-343b22709518,b3402cce-3310-4c84-90d2-bbf7efb3e2ff
8c084fcd-7ea3-4f08-b10f-30b1d26d6cfc,d9bc73f8-244d-4ad1-be1f-1d1cf942633a
a500715a-5fae-428c-9a2f-41b58c48c467,217d8fc6-141a-4969-9f3c-ef01f34ec9c5
b272a175-a627-44e4-bf5d-4deee87606d7,4007c076-9cd1-441c-a1ff-091fd4018c46
9a2a9800-b23e-47b5-b12d-98d1e277e251,78d673a8-70e8-4eec-8bf6-2220a62b2299
f8ae45fa-6439-4d81-8ccf-9deacbe16b16,595725ef-1f22-44ea-bc03-780a66eb68e8
9ba4cc3c-d13b-4763-8fd9-6292713fa854,00dcff6b-26aa-4437-92d2-71f17e0f7b0b
b1b058c3-f18b-437b-8da2-7b3b3ed6aa3e,0ac46409-ea11-4802-ac38-528a6531dd98
e691cd21-46d9-4be5-a069-2eca8362a858,0bd58eea-fcb7-429c-8e9d-c62556b0fff8
ec532370-d9f0-4af0-81fa-9688be775e65,43487a4f-3ed6-41ca-ae2f-cf1fad9af37e
8c084fcd-7ea3-4f08-b10f-30b1d26d6cfc,a500715a-5fae-428c-9a2f-41b58c48c467
4215a231-23c6-4eb9-af33-326361800867,0df53414-8f26-403a-ae88-bcc69bbe5506
e01a9217-2ea5-407a-bd2e-54cfb7cf7390,f870d446-31ec-4f89-a0b9-e93d935dcafe
67f144ea-064e-49f3-88b5-424b6ee2ca37,fc3b7423-2223-441e-ac09-1b2b60d6622b
abecf511-a6d6-4e47-93aa-210e052fb3dd,17f3cc76-4e20-4446-8d31-2da944b85d09
a81eca9d-2c5b-4753-b6e4-8e8e33b0229b,1e7d22e7-0f4a-488c-a4b5-5d9d17619272
80499c02-3814-4fe9-9d30-10b906176344,77d10228-58cb-4f10-b20a-118afdd5b66e
23281f8a-4bf5-4ece-b377-d22827756a8a,bbed1544-aa6f-4c9b-94f9-f74956305279
9165bef1-dd7f-4ee0-849e-e253d8bcbda1,6fdcdb28-c9ca-414e-8c5c-23fda00fdf6e
1fda1529-6a08-4e82-a70f-97d98d704543,2d1c14f0-62d8-4e0f-b55a-4a3586be9b7f
ef901f51-0ff2-4dd4-90d9-ed1fae413ed5,46ce48b7-53ca-41bc-99d9-9630f17a4e64
d7ef0e83-8a1e-43e6-bacd-413797926d42,e134720f-00f5-4847-bc38-e5730f35f62f
4929cac4-17d4-496f-ab40-50e0ac388e29,674f3c6f-aa05-4135-be85-5fb6d1a54a10
bc635cfd-88fd-447c-8985-927b5f72ad35,8f0f5e4f-5b83-493a-a8d9-154cc5414bf0
e0ffeb71-19c6-487f-b071-9e7f0855e0af,ee489a94-a87e-4808-9d02-7c8b8561119e
da73ae99-1241-4771-a49f-30899acade55,3f10e465-d96a-487f-9efa-bda15bcf53aa
d297593a-0fdd-413a-812c-bb4b7facdae0,c750644b-4ed9-42d1-801b-182a30e501e6
a4c94437-1406-4bf7-a955-d0158581515a,1498d947-e316-4fba-aa86-9aed21aa6320
c353dfdd-779d-4bf3-8237-40ab43c919b8,44d62166-e4e8-4601-b555-b0cfd98bca9b
9f6e70f3-af1d-4083-9180-b28708591269,f0cc1ad7-93b8-4f0b-ab96-66826f1da6c3
9f26431a-b16a-409c-aefd-f9443cdd576c,f93a3367-3f66-4945-8fae-ec771ce8e5d2
1498a341-36a3-4557-b2ff-06b357600652,b1e037cf-956e-461e-a1c0-37a33f957f61
4f9b86e3-0aab-4f37-b8d3-a3a8b1a94a5c,52ec2474-a128-4af5-b252-62c7a2571ca9
cb5d87f4-3dc1-4044-bf0c-949694500ada,0b7a3e26-5f34-4bb4-ab90-f3f4baa240e9
abbd4da0-6640-4beb-8057-6839197ed81a,71fb5ffc-0cba-4f55-a3ec-e989b2f64d91
e4a784ae-982c-41d5-88a9-0c439286c4cf,8d234d8a-faa8-46cf-b3ba-7f7c98cbbd89
8a888f64-2845-475d-b74c-fbc269de5f6a,42baa343-d4be-40f6-98e6-b20d04a4c758
c16b5566-0218-4a5c-9cc6-0b0f784ceae6,e088bb40-416b-4b2f-8c58-fa484b7b3b1f
4688b928-47ce-417b-9671-7c8c96af0a6e,107601cd-ee23-408d-9e5f-70c977e782bd
daf60745-3465-437d-8851-1016b8b77f37,d9b7d326-e72d-4b09-a394-d746cc90b424
483c0bf5-3d3d-40d2-ab75-96115118b1ad,d6a73d98-7862-4126-a19b-5f41a4f86b41
89b19fb6-6d95-4e9e-bdd4-92379c95669d,386e4d15-d70f-4e17-984e-d3e86ee59903
c6140547-865c-456d-bcff-e8cbfb6cf87c,a2e59e45-faa2-40e1-b009-61e707101077
707e29cc-5f3f-48e5-b0e2-e2d5c2e6fecc,325e7fd1-cc07-4664-8903-ae17ae31f906
96f23432-a211-47ef-8e88-02af68d6cac8,7820845b-e505-49cb-9218-fb31f422cd15
9d9b6337-2b44-4e30-ba70-0c5db3327290,f1b91c5c-3453-40a1-8fc0-8c5799937d2d
6be63446-6b06-4e26-a09c-475625ed7d7b,37d88e24-1474-43a1-9b35-90737ffbde35
d823f3f9-23b5-491b-9c31-d4e656de0e8d,1fda1529-6a08-4e82-a70f-97d98d704543
aa003d5c-77e7-4980-a37b-650273f3a4d5,217d8fc6-141a-4969-9f3c-ef01f34ec9c5
fffa83ea-9504-493e-8ea1-5c0295b2fe03,6869f07a-5f75-4aa6-a1fe-035c801499ca
9ba4cc3c-d13b-4763-8fd9-6292713fa854,578031a7-5b51-4d61-8c7f-9908619f8b5a
8302d755-da57-4fc0-948d-cac29a8393a9,b57ee224-1e02-4207-b252-3f5cfc1a454b
59207b3b-bca1-466a-812c-ef7f93be501a,13ddb7d4-44e2-4bb7-af4b-327df8aedc65
8512fc9b-5cc9-45d2-ade7-0fd8fc98f4cf,8871ddb7-d3bf-4bb7-aaa3-b76a313f7563
b161b96d-8435-4410-a75f-8e47772f83a2,67e41e8f-1ed1-445c-a4d0-5c9ee5c68846
5094b93c-1bb4-428c-913d-1a4c8e41b303,0a1dd5c4-0f80-4484-8648-e7f63fa0f8b5
966d6a75-5097-47aa-a407-1990b6f8d281,4c7ea0f9-6671-4380-9a6b-5c3ee7eb0e3e
34f1ea85-6fbd-40ac-8532-4d905876a1cf,9ba4cc3c-d13b-4763-8fd9-6292713fa854
c6927dec-80b7-4f2c-9316-80ee57cbf181,9a56c5b0-20da-4886-9ebb-d7ccef0383fd
4c7ea0f9-6671-4380-9a6b-5c3ee7eb0e3e,8a888f64-2845-475d-b74c-fbc269de5f6a
df8d99ac-1517-4460-b9b3-e46e3a6abaf8,bfb8e425-4855-4ff6-9096-5e94d29f8a1c
dcdea73a-eae0-47bf-b35e-394461e34099,d66fb8da-0ae8-4e8e-9dfd-7b6072576761
235ec06b-e6b1-4f4d-bc34-12b3b82ee6b1,f45a7334-26c3-4e17-b296-5451d33bd512
abd79772-8c25-4ced-bd7d-f95ab39409a7,d075425b-aac4-46e0-8a1a-d1b7dd58f994
69660775-d299-45be-bab7-6a105b0958c7,2bc89771-e407-4120-bc96-14add81eae7f
f2bd95b1-4812-4784-978d-ae9d12779af4,6f7d0986-01dc-471e-82f5-b3aae9341c5e
1e7d22e7-0f4a-488c-a4b5-5d9d17619272,8297fb31-4267-465f-86c9-77ef7295e8de
f94c4edb-5d05-4d4e-a1ea-8023675ebc37,70f62f79-d49d-4223-bd96-63ec8d02d4c5
f20850c2-68f4-4d0c-8b7c-0cc0fd45054e,c82b1035-aff5-48e3-9f2f-aadf902ea863
3804c336-f0ac-4ea0-b414-4a1d144bbbdf,83d23b7f-1b49-4f00-9aa1-ca7a942b3bfe
951a1d14-66a2-4607-b1e4-95f7ba762e54,9491a924-3af2-4923-bf45-8cf148bc7fb7
28cddd22-28c4-40f3-8393-d37d3a7e1873,951b1557-00ec-4277-830d-debe1047d8f9
24526762-5529-48ea-be7c-4cd5fe867636,3bc33a42-fbba-424b-bcbc-5e670f716020
b285a469-2e63-49a7-b5b5-3cf4fa735d07,b72549a9-037f-41b7-9cce-27f5cd474dfd
ccdb510a-2d77-403c-9844-331568ffb1e0,a2e75694-16c8-4385-b87f-fbb2c32dbac4
4865f024-36e3-4220-b959-e2a59f5d40e1,26b7ad45-afbd-4a13-a2c3-0021ef304d1c
c00ef6b5-0c43-4094-afbc-ca4310ebc5e2,2972a473-c1f2-4c68-8f94-5e188ae211bd
3b27f408-3ac8-4cbb-8b76-c943020a9fcb,821fc35d-b238-464d-8642-c3f094032119
de8ee0e0-1da2-4520-8df4-bc02d019abb3,b1e037cf-956e-461e-a1c0-37a33f957f61
ce91d388-04e1-4526-8327-27e29b2fc9aa,806a8b8b-f40e-4285-a381-1f8c2ff6c61b
5bff844f-8594-4ead-980b-e4e1e8c62007,f0cc1ad7-93b8-4f0b-ab96-66826f1da6c3
86da63ce-8ff6-407a-80e4-2b1fccdd16fc,a7f64e9f-17a1-44ec-ac76-cd0e604b3e5b
f0cc1ad7-93b8-4f0b-ab96-66826f1da6c3,fd151260-7e65-488e-b751-18a820d7b257
7f74cb77-7636-4e13-a8c1-6836fe4868ce,43954449-a9ba-48e6-a53e-3d21595c3c2f
e9df3c9e-a326-4b1c-bffe-0433b2396931,dfa12d65-b49f-4879-a777-3d1f1dd0c136
c5a533eb-6810-4b0d-8216-e2ba0c4ff24d,c8f3532a-b40b-49ad-a953-23e244e7150c
8c084fcd-7ea3-4f08-b10f-30b1d26d6cfc,868155dd-e6b4-4a2e-bf99-784edf99767e
44fa3df8-caf8-4d27-bbff-6215296ed7ab,50c21c14-3226-41a1-a971-10fdaab8e1f4
fd151260-7e65-488e-b751-18a820d7b257,5040ec3c-b2ff-4e5d-bb9d-717183135988
9165bef1-dd7f-4ee0-849e-e253d8bcbda1,bec1e3c5-d9c3-44d8-bf01-794ddc474e67
fd151260-7e65-488e-b751-18a820d7b257,425eb57b-c9f6-422b-b29d-c0ecb2e9f751
bed7aee0-f2a8-4ded-ba70-6248830b9c9d,4d96a4fc-83d9-4c06-9325-2c4ebde53be8
901f9d6f-9e85-4945-86b5-02bbb846e720,0f5ff807-025f-468d-99e2-90703c2829bc
f2c3f534-1d8e-4a7f-8589-8e0a3b7dfe8a,e35ec450-0090-49d7-9094-7552feb2fc14
34f1ea85-6fbd-40ac-8532-4d905876a1cf,ed90935e-7310-4226-a6ce-2c2555fd9724
fb5aa457-1bf6-410b-86b6-72c1c9a889fe,656d1372-c3b0-4708-887e-6d1eb9a63fe8
2c48b834-3a1e-409c-b0e7-3ab075359937,dec3de87-8a7c-47e0-bb13-813c0b9c0032
cf3ec4b1-99f5-40c8-ada0-8b68bc9ff0ec,645a0449-d353-4ba4-a517-dd0a2348bc29
46b6e9b6-097a-4df5-a4a6-5a204f75b87d,6030dcea-4f83-46a9-9005-599e9d4f41ec
0ac46409-ea11-4802-ac38-528a6531dd98,388f0cac-432b-42bc-a117-5a40e2facbcb
ba827d37-d5a3-41f3-a2f8-0804c84554f1,d392f5d9-01b2-4779-9b14-20ac0021bbda
7ac379bf-66cb-4d39-88d5-9490738fbcf6,e5d19a7b-61c3-48e6-819a-d112a5f0a0c7
ea753a9f-848d-4893-ac65-a3dc354b2b84,f3179946-ae6b-440d-8ec3-92cf4db2361f
b3464b18-d31f-493d-9dbb-151f4656da4a,2c6c8fc0-077d-421b-a08f-5ed428e6a9c2
00540e4b-0f6f-47ec-85bb-ea51df20ebd4,1fdf5bfa-444a-4be7-be88-29f33a5b5e21
6fdcdb28-c9ca-414e-8c5c-23fda00fdf6e,6869f07a-5f75-4aa6-a1fe-035c801499ca
43110f1b-ea30-4ac3-9f5a-db36c5b3f557,bdb732e7-aeda-4b19-9f1c-64548008c4d9
fdd53da1-6b91-4af3-ae94-14ebf965495b,12d7860e-ed09-469a-b8da-f07c7918c4de
2b397d53-a398-45f5-ac59-980a421cf61c,04d9b20b-e80d-4062-8bc9-2a70cb8e5e79
618d1d5e-ca72-47cc-8c2f-9952d2cb69c5,8c084fcd-7ea3-4f08-b10f-30b1d26d6cfc
a6a207bf-7102-46ab-8ce2-abe78d1c58a2,6ffba7ce-91f2-4d18-9143-d1f4206febc2
82ef57eb-0c5a-4acc-aa4a-6898db1015f6,7a2a6688-e956-4804-a713-6eb71bf80061
68706bcf-4f0b-4dc7-8f21-9bdb1199a742,4291c577-afba-4f4d-aa92-d6ced167596e
6a58f38a-4577-4a25-85cc-6e15dc6c5363,4f643b05-798d-4eb7-b815-eff8e14bb382
0df53414-8f26-403a-ae88-bcc69bbe5506,bb34fac7-4eae-4ec5-86ce-d5665ac4f8ca
e07f92dc-723d-42c3-a28a-ca610746cfaf,9e7bc636-e91e-4310-81ab-f35ab0204d29
4e0e6a03-b0d7-4ea0-875c-3112da1605bc,28d118c6-c114-4f03-a362-af0cb580b166
62511d48-3fae-4905-8d1f-87eba2e85774,d311eda9-bd2b-4bde-a850-50f6d21fe094
324b7e91-fca5-4132-8812-5130c5707755,44fa3df8-caf8-4d27-bbff-6215296ed7ab
17d1e15a-f382-42f2-85e7-597fc64670f3,26e145bb-9cf9-4328-bea2-53130bbf5717
5e1e9834-47a9-4371-b2f2-d3853380a1cd,a3d287fe-1cb3-487d-ba3a-b395a0a4bdda
f6df083c-93d5-49a8-b69a-515735929c02,d311eda9-bd2b-4bde-a850-50f6d21fe094
02858455-06c4-4c9f-b87b-d834b7e9b41a,acd53737-49ec-411a-a0ff-7e9f07a7c5b1
a9eb77a6-57ab-420e-bbdf-6a5f34d785fd,6575e525-9ab0-424e-a525-fa646ab76585
ca1f3a01-90cf-45a5-85cf-b8ecf8c51e4f,95577a13-a89b-41e9-83eb-4d4ea2dab97b
42d379d9-756d-4e23-afe2-454b4b75fc5b,7d2ef483-e1e8-4763-8702-acac48d99f6e
b44b30fc-e65e-4d97-805e-544eac7e809e,66eac1fe-dc88-496a-b714-4723a51d70fb
dd05ff8b-b43d-499c-b616-ccc9c68616fe,0c186824-9a7c-4ec8-9d13-04856fb68cd2
9cb8a649-8c46-4bf4-b91d-cfe68629798d,e35ec450-0090-49d7-9094-7552feb2fc14
d029c645-0d11-4cea-a521-609a00f6fdfe,245e64f7-ee04-43cc-9cb3-b557b131878f
3bc33a42-fbba-424b-bcbc-5e670f716020,66d4f35e-4e8c-499b-9a0b-f7b6c46ccc5e
8c32fa4b-f459-4b81-bf3f-ee3854f9fece,b75852f0-5343-4ad2-90f8-7bb2af883198
651d780d-0e4c-4909-a805-b7cd0775346f,864b6002-6355-438b-a4c8-ef2315bc18c3
62511d48-3fae-4905-8d1f-87eba2e85774,ce462c27-18b5-4ce0-91fd-e45060243bc3
67e3620e-b1c6-4614-bac7-3bd099c81723,e8bfd7b6-27b2-447a-a81d-cbe33f2474bf
4e0e6a03-b0d7-4ea0-875c-3112da1605bc,10a48924-ad8e-4b8d-be4e-c80886189b0c
a9eb77a6-57ab-420e-bbdf-6a5f34d785fd,ec532370-d9f0-4af0-81fa-9688be775e65
7c62ac12-86f0-4167-b370-7e1134a53869,d3781110-102d-46db-8279-ec07e3b80d81
1e8e9abe-22f0-43ec-8714-ce1eaeb22f90,7611b51b-9da7-4bf1-b517-437c17dffe2f
ec532370-d9f0-4af0-81fa-9688be775e65,cf5e88a6-ff40-453c-a36b-b56ab01b0f77
66b77572-c1f9-4044-a19a-0c0c9cfbb557,7be0b165-d898-4d00-bdbd-2660230eba53
0b3efa8e-5477-408c-92c8-3613ae96cd9c,9f6a968e-2da9-46d2-8e80-0913b760c49e
2fea5aa8-0495-4bca-ba9f-b9b96831e1bb,46b6e9b6-097a-4df5-a4a6-5a204f75b87d
4ad7e098-cb93-4f84-9e76-9739a74049bd,2fd54714-86e1-4d0d-803b-548638e7b9aa
42ce8583-0924-44ca-8de1-1693710af71b,e5195ded-6fbe-45e1-bc44-154ef43fdf70
ddd40697-aa49-4d1a-bf47-72f77accb8c8,4e306831-853d-4e54-b38a-83859ccc381f
40ca0e2f-18bd-46c6-bf0f-fe4ec5b60adb,6c335842-0926-4b9c-94ec-af666daabdeb
d2fb0df7-f0cf-4a76-8f53-2847407b2bd7,c026a8ce-e5b8-466b-8f8c-c1edaadfb617
b00286fd-abbc-48b4-b642-8e92c8bc1317,d3e9f9a8-5dbd-4e1e-a778-41f7c41dad5d
92214ea8-1ac3-46b7-965e-c820e89baa7c,cac1a966-5d3c-4481-b331-39f331546ad2
5aa1396c-bbb3-4700-85f1-96a30360895e,fd151260-7e65-488e-b751-18a820d7b257
4f8088f2-c821-47e3-ba68-a9e7f8c37afb,88a6898b-74b1-4fb3-a5d9-efc44d19e914
d799e0e1-97b5-4ccf-9171-4ffd05556036,82498f50-c54e-49b2-ba38-4aed0d9cef4b
5931cd4a-be1a-4faa-80a1-8954ef3a1f0d,d12967cb-af28-4a45-a396-2c31a327799f
fc3b7423-2223-441e-ac09-1b2b60d6622b,7bf59a90-b096-48ee-ab9e-e16d5c4d222b
b925f684-1d55-4700-9382-d18538a6ce91,a26c697e-63ef-488a-84bc-241063111310
44b69681-0264-4e56-b9b7-f88218fe294f,d5818be2-42ed-4e9a-b12d-6133628e13f5
d238825e-a121-4acc-816a-66f567927417,c6140547-865c-456d-bcff-e8cbfb6cf87c
17f3cc76-4e20-4446-8d31-2da944b85d09,39ca7d45-311b-4ad5-848f-b96dda983f93
e8bfd7b6-27b2-447a-a81d-cbe33f2474bf,7a778c27-67ab-4086-800d-987cf0c0ce72
f4bf325a-db92-4884-92bc-e203d0d16301,e989ed54-b262-4cae-9677-7dbb8f04710d
e25dfbc4-d60c-40e1-b9fa-8d14be23be1c,bc635cfd-88fd-447c-8985-927b5f72ad35
4d96a4fc-83d9-4c06-9325-2c4ebde53be8,67507580-65ca-448b-8f29-26371c947f31
3b0c8b73-9b5d-43f9-b77f-dd40a5b23a96,8905763d-3586-41ee-bb0d-2cd1e5b80378
ae432989-a4b1-4cfe-b020-a083fa2f34ac,f683e5d1-5230-48ea-9c91-89c429796bcd
d762a866-fea1-45c2-aa1a-2aae9753b1f2,b57ee224-1e02-4207-b252-3f5cfc1a454b
dfa12d65-b49f-4879-a777-3d1f1dd0c136,9cb8a649-8c46-4bf4-b91d-cfe68629798d
a92ed420-c517-497d-b581-130ac4af8cad,554da4d6-b9ec-4279-820c-9387ef9315ac
f0c42828-ce1e-4e18-a482-0e8f3822a9c3,1d2c5ae3-f422-4212-b109-718205e9d62d
751f2798-2c97-43da-92c7-bae45fe853c3,3b9eb32b-4a58-468f-8bb7-950ad53fa865
f08b409b-5d8e-41bd-9dc2-05278a420bdf,5015abc0-e8b3-43b5-98aa-19de430ba9bf
488c8904-1654-4763-a541-2a4a23d24bc5,7c6fa7cf-aaf9-4140-9edc-f2e274011abd
01b696d5-dc9c-426a-aba1-c83eb0303c44,0f4188c2-657b-46c1-8349-b0c8a2e673e1
24526762-5529-48ea-be7c-4cd5fe867636,989f7502-f7d4-42d0-8189-5829b36ac2b7
a7f64e9f-17a1-44ec-ac76-cd0e604b3e5b,3f26bd3c-1ac0-4b5b-beb9-20f050d2a5cd
c08a3226-8214-4555-a748-5e1dde6f9dbc,0396dd40-6a00-4e80-a988-c5d5a9fd652f
b75852f0-5343-4ad2-90f8-7bb2af883198,a57fa124-d56f-4e69-b3f4-d4ab19b16f9b
f83a5983-57b6-45d6-b1e3-229c6941ff4e,9887994f-2056-4a85-841b-fa92aa411c9e
f8843602-c9e8-4b73-b7f4-d650a4156432,91d70f80-54be-4bb9-9b6a-bc11e7ea4f43
460488d2-a91d-453d-939b-bc155d997db9,e522e511-3394-495d-82ef-66f26698a5f8
e4ceec10-0dd0-4242-91aa-6ea85e12346a,2e7beb5d-94ba-4551-a319-ecc525beae19
f16a5e87-3088-481a-ae24-984b3c1d6703,595725ef-1f22-44ea-bc03-780a66eb68e8
cda377bd-d130-4cf8-ab04-d6cb8549a32b,b1b058c3-f18b-437b-8da2-7b3b3ed6aa3e
c89702d9-f2cf-4b19-8990-5c62d52570f9,8424cccd-046e-46f2-a232-dce38b11b7e6
0cc25c23-a7d4-4c31-b5be-bbf574005f4e,674f3c6f-aa05-4135-be85-5fb6d1a54a10
59207b3b-bca1-466a-812c-ef7f93be501a,f6a43ef5-4819-42d5-9109-16b9e4dfe3b1
abc5e69a-490c-4ecb-9615-b701e8fb46a7,a3cb2397-5890-4dd0-82c9-aeb7504db6f0
bb953be0-415e-4ee1-bdd4-395e624119b2,be852397-923a-4ede-a15f-32eceddd8c43
43110f1b-ea30-4ac3-9f5a-db36c5b3f557,7877d448-7841-4265-948d-30766bd285cd
e4ceec10-0dd0-4242-91aa-6ea85e12346a,d04e1f43-e5f2-4be0-9173-786ce3f6e09c
8d484ace-b583-479e-bb78-cfcc27a99002,8bef1ac8-9b84-46b3-8039-da7a3f00ec69
1e5c928b-7cca-4dda-b795-741e36adf786,6bdd5ac8-909e-4844-8dac-501a2044de91
2c53dc07-7953-455a-856f-50e2e3acc73b,91d70f80-54be-4bb9-9b6a-bc11e7ea4f43
6f7d0986-01dc-471e-82f5-b3aae9341c5e,0ce5db77-3484-4ed7-8609-876ea78a5e73
15b3e1f8-0e68-4420-bf07-a325b1c7211a,42ce8583-0924-44ca-8de1-1693710af71b
e691cd21-46d9-4be5-a069-2eca8362a858,0b9a6b1c-70f1-46d3-a2a9-a3ced788d014
734b3716-9b08-4024-96b4-1dafc461a180,90da0a86-98f4-4b7e-833c-af29a30a53f5
a6272bfd-7337-4c38-b524-345aadb46d30,15eb62c1-4dd1-4cc8-8360-26a511d56a39
c51dad92-6959-4f07-9371-3667a1a0bb25,f9e5a32e-049a-4833-8195-b2220a1e305f
e3757a4b-d53d-4f4f-80f2-a7d175e55424,5f6cd4d5-3d58-4172-881f-b2a95a698f24
84bfd7b2-5ceb-4e53-9bc3-78e053d63f1d,586b17b5-f187-4f00-981b-207ab6903113
40453105-6108-48a7-a195-2f7ed9a9ad5e,f212f8b6-a5e6-49aa-be72-e47fdd6d7c18
03749208-9d7e-49ef-ac14-70c223dd941a,9887994f-2056-4a85-841b-fa92aa411c9e
c04525e1-e353-4cee-abce-5b165c3de8a0,b6db6c24-4e18-4040-a652-a5e92e6f531b
3804c336-f0ac-4ea0-b414-4a1d144bbbdf,f8843602-c9e8-4b73-b7f4-d650a4156432
2e51ef95-8a70-4b34-a8f5-c6fc19b8f37c,9e7bc636-e91e-4310-81ab-f35ab0204d29
03749208-9d7e-49ef-ac14-70c223dd941a,ed2a4f42-817f-4098-8bbc-4f584f2ebbd7
1be52253-4471-4496-ad15-d406a00878a9,bec1e3c5-d9c3-44d8-bf01-794ddc474e67
73ec7400-bfc5-48ce-b442-10a4cfc66b63,96901dd3-0436-47ab-bcf5-0c01e713a7f7
83d23b7f-1b49-4f00-9aa1-ca7a942b3bfe,0f6d4012-ac79-470b-853b-81ebe0c04b26
4865f024-36e3-4220-b959-e2a59f5d40e1,ae8f7980-dd96-4d1c-8f98-1ae99ebdbdbb
a92ed420-c517-497d-b581-130ac4af8cad,e10dd5d2-a8e7-4e86-8a72-ce1376ebaa9e
61080a20-72f1-4214-b652-e5be4a5a405d,26b7ad45-afbd-4a13-a2c3-0021ef304d1c
3c181f1f-8b4f-49cd-93f4-508f575197f9,51aeafb6-f309-4020-8089-fd0c3e1aac14
cf5e88a6-ff40-453c-a36b-b56ab01b0f77,951a1d14-66a2-4607-b1e4-95f7ba762e54
92214ea8-1ac3-46b7-965e-c820e89baa7c,7656148b-e42d-4025-a155-d0d5afd90479
9fb02004-9f8e-4f84-8257-8474f2f553a5,af41c4a2-3194-43f9-b316-3c5e673cf26f
44fa3df8-caf8-4d27-bbff-6215296ed7ab,864b6002-6355-438b-a4c8-ef2315bc18c3
69660775-d299-45be-bab7-6a105b0958c7,144418a4-f1ae-4277-97f5-92e695ab5643
eec345ea-d355-4443-936b-80391a503d31,f615d6e5-80cb-4fb2-931b-bdf487101c4f
b94f8667-fcd0-4eff-ab2f-7df6fbd061f2,4b362830-9584-4c00-a83a-1a337db190e2
7ac379bf-66cb-4d39-88d5-9490738fbcf6,c3656f4d-28ca-4113-aa2f-ceefc966f709
6030dcea-4f83-46a9-9005-599e9d4f41ec,a58246f5-256a-4f00-afb9-5839dc2bd612
e6e5770a-ae87-4896-a176-fe8fdd188b74,80707d7e-f66d-46f1-aa42-063b2338c733
1cf57362-bdfa-4f48-a1df-02c931fcbaff,65850d36-3ea2-4ed4-95d7-7b755d2a0013
673eeebf-98b5-4d2a-9c9d-801b6e571770,11a6a0ea-23b4-445b-b6da-ec04b947a677
56017553-06ce-4b05-831d-f33670de3cb2,f4bf325a-db92-4884-92bc-e203d0d16301
b1b058c3-f18b-437b-8da2-7b3b3ed6aa3e,d799e0e1-97b5-4ccf-9171-4ffd05556036
62511d48-3fae-4905-8d1f-87eba2e85774,3429d86d-4471-4e5b-84b9-e8090c001d31
4e8db4a6-8dbd-4586-b48c-219946a34607,533087ee-5cb7-4afc-8496-451ebc0bbefb
75220fed-869a-4aff-b5f8-448e06f05224,96901dd3-0436-47ab-bcf5-0c01e713a7f7
980bb92c-1a62-4293-a083-447efe1843ba,8871ddb7-d3bf-4bb7-aaa3-b76a313f7563
bec1e3c5-d9c3-44d8-bf01-794ddc474e67,9cdf5ce5-7a82-49b8-98a4-d9e2b5f870bf
298ca234-9bea-434b-917a-5708bcc673b7,88e82ead-6d31-4137-baed-ff51e2c2003f
86da63ce-8ff6-407a-80e4-2b1fccdd16fc,f8843602-c9e8-4b73-b7f4-d650a4156432
586b17b5-f187-4f00-981b-207ab6903113,088e386a-2966-4971-a585-2d98057cbf3f
6869f07a-5f75-4aa6-a1fe-035c801499ca,96dc241d-0dc2-48ef-ab85-a872d80cdace
4eead51f-9d0e-43f3-adbf-2cf0c25fdbe7,9e9b1038-0000-4c31-ab82-b931b7200b81
29341716-1390-4b84-97a3-c5d4f71fa810,acd53737-49ec-411a-a0ff-7e9f07a7c5b1
ff13ff55-bb3f-4c53-8ad7-49c9bfd1950d,45faa592-9482-4ab9-b970-79fe8cc78858
56276adc-7ae7-4f44-9436-56ba8d4326a4,cef0ad6f-4855-403d-bdf6-5913cae0acc7
3429d86d-4471-4e5b-84b9-e8090c001d31,6dde641d-c158-4fe1-9ce5-dc7f1d2c7849
84bfd7b2-5ceb-4e53-9bc3-78e053d63f1d,20a1b9b5-71fa-48da-bed1-047676af962d
126b6776-f33e-4403-bbde-693e554d78b1,0c186824-9a7c-4ec8-9d13-04856fb68cd2
a254b669-4883-480c-89d6-c917ef164477,f0633031-92aa-4ff7-be44-81c539398722
c4c566cc-9dbb-4b69-ae22-758bf0d8681c,f44f434c-e348-4b21-8cb5-fbf97c4891ea
945849a5-c401-413a-91fb-1a78f06d1ce8,d392f5d9-01b2-4779-9b14-20ac0021bbda
04d9b20b-e80d-4062-8bc9-2a70cb8e5e79,f93a3367-3f66-4945-8fae-ec771ce8e5d2
9877e793-87c3-4d92-a8d5-6c90031997f8,c4c566cc-9dbb-4b69-ae22-758bf0d8681c
a8bad58f-c7f2-42a9-841e-08c95fcd626a,d3781110-102d-46db-8279-ec07e3b80d81
539af409-112d-4eda-b044-40acd783731c,ba827d37-d5a3-41f3-a2f8-0804c84554f1
d2a5d50d-5126-42a3-a6d9-99547dc9aa85,0c6348bc-e96c-460a-acb9-acb335f3ef79
95e4ab9e-917a-461a-aba9-0bdf1c257fcf,57820265-d1d4-4e81-b2b1-fff8349d1e29
4291c577-afba-4f4d-aa92-d6ced167596e,55a0bb81-37a3-47c7-8a59-23695a45a8b2
6b2ee1aa-8297-4818-8e66-28985af543ff,a776789e-9f88-4896-82b1-7f32f1200af4
69dd5acb-39be-4823-81f3-3cb218673689,e9df3c9e-a326-4b1c-bffe-0433b2396931
4e8db4a6-8dbd-4586-b48c-219946a34607,acd53737-49ec-411a-a0ff-7e9f07a7c5b1
488c8904-1654-4763-a541-2a4a23d24bc5,5b31e6a7-db41-4ffd-81ac-4066a0e42306
42ce8583-0924-44ca-8de1-1693710af71b,f3fa5acc-2c62-45ac-9737-6fb4051f27c4
ccdb510a-2d77-403c-9844-331568ffb1e0,107601cd-ee23-408d-9e5f-70c977e782bd
f08b409b-5d8e-41bd-9dc2-05278a420bdf,02858455-06c4-4c9f-b87b-d834b7e9b41a
70ba7a6c-16e7-42de-b167-887278aea568,7a2a6688-e956-4804-a713-6eb71bf80061
8d57c651-1d36-4446-88c4-0fad4678456a,97f9ca3c-b315-4ebd-aeeb-6a00d347d5d0
3b0c8b73-9b5d-43f9-b77f-dd40a5b23a96,1d7ee51d-5822-464e-a3fc-4a019db75c4d
ae432989-a4b1-4cfe-b020-a083fa2f34ac,b5c526c2-d4b4-46cc-a890-6588ac0f9a4e
517f2d90-9bce-4cee-85ed-5cef544d0ff2,b2839a14-7ffb-4ffd-aabc-d43d7b9f41af
49ab22ee-ea25-49d8-9407-7fc56708b39d,6b54bd24-b4bd-40fc-8971-9c6a99e8125f
cf5e88a6-ff40-453c-a36b-b56ab01b0f77,af41c4a2-3194-43f9-b316-3c5e673cf26f
88d37d1f-62c9-4c68-92d9-01a9d3d3b220,a9255374-77f1-45a3-a41f-891a35003dea
b123cec1-7d85-4566-8f6b-fc6702933ee9,ecd430ca-9917-4bae-b75a-e6ab88d624f9
f2bd95b1-4812-4784-978d-ae9d12779af4,7656148b-e42d-4025-a155-d0d5afd90479
6c335842-0926-4b9c-94ec-af666daabdeb,965d66db-184e-478a-814b-581f2ec3f0c8
2d1c14f0-62d8-4e0f-b55a-4a3586be9b7f,f8843602-c9e8-4b73-b7f4-d650a4156432
fd151260-7e65-488e-b751-18a820d7b257,daf60745-3465-437d-8851-1016b8b77f37
df157e4c-7eae-49c3-8124-bb7e6f284e7f,a4c94437-1406-4bf7-a955-d0158581515a
785bd401-8119-4ef2-9f6d-4fddb9b1640c,f5847328-82c3-43cc-bf6a-bd1f02585751
28cddd22-28c4-40f3-8393-d37d3a7e1873,a3d287fe-1cb3-487d-ba3a-b395a0a4bdda
66d17f84-7902-43c6-9d11-149cd022e6ca,d238825e-a121-4acc-816a-66f567927417
595725ef-1f22-44ea-bc03-780a66eb68e8,1e5c928b-7cca-4dda-b795-741e36adf786
a26c697e-63ef-488a-84bc-241063111310,7f3a9d08-c3f8-4fa7-a463-f7d57fa9268d
e7332339-fdb1-4644-b32c-d8ccfd1d24b8,96dc241d-0dc2-48ef-ab85-a872d80cdace
f0d5c8fb-40d8-4ed5-a722-ca7f1849c9e0,85dc798b-51e7-4739-b011-e9be8aa28e23
fd73887f-8bf3-43b0-8f52-9d78d8e4b197,2915e8da-5ce3-4780-ba45-9395b4fd9468
42baa343-d4be-40f6-98e6-b20d04a4c758,a8f76de5-ace4-4898-972b-5b1334c48ca6
0396dd40-6a00-4e80-a988-c5d5a9fd652f,92214ea8-1ac3-46b7-965e-c820e89baa7c
9e9b1038-0000-4c31-ab82-b931b7200b81,1d894e9a-1f9d-4b02-9e97-2e4914b7e0e9
abc5e69a-490c-4ecb-9615-b701e8fb46a7,89b19fb6-6d95-4e9e-bdd4-92379c95669d
59207b3b-bca1-466a-812c-ef7f93be501a,61038a0d-4afe-42ab-a2a8-f815f83cb960
af04f522-c7c8-4b75-a302-6512c211ffd1,c12f3f47-2828-463e-b6ee-241e8e5648c0
339d543a-8197-4878-b226-41e7ef2f6585,d799e0e1-97b5-4ccf-9171-4ffd05556036
0df53414-8f26-403a-ae88-bcc69bbe5506,4eead51f-9d0e-43f3-adbf-2cf0c25fdbe7
aa7610e7-e978-4b08-ab08-1811746d0667,8bbb4003-2faf-4e84-9206-a7130fd3a8ee
c08a3226-8214-4555-a748-5e1dde6f9dbc,8bef1ac8-9b84-46b3-8039-da7a3f00ec69
55183ee3-2b37-4693-9528-c887eb746983,54ab4d65-6f28-4ca5-9daf-af90ff9e7364
df5d35a3-572f-462b-bf7d-59ec0de21921,0c186824-9a7c-4ec8-9d13-04856fb68cd2
15eb62c1-4dd1-4cc8-8360-26a511d56a39,d4d463ac-605a-4ec4-b9e4-7974635d56d2
71fb5ffc-0cba-4f55-a3ec-e989b2f64d91,dc8ce186-5a3e-4620-a61e-68092f8b5557
d823f3f9-23b5-491b-9c31-d4e656de0e8d,9f899e56-ee6f-4be0-8e1e-10d7bd149778
f20c58bf-975c-4c1d-9939-80d876fba8b4,1a29d541-440e-4314-89ea-28d7888d30b8
651d780d-0e4c-4909-a805-b7cd0775346f,2915e8da-5ce3-4780-ba45-9395b4fd9468
de8ee0e0-1da2-4520-8df4-bc02d019abb3,a9eb77a6-57ab-420e-bbdf-6a5f34d785fd
1cf57362-bdfa-4f48-a1df-02c931fcbaff,f683e5d1-5230-48ea-9c91-89c429796bcd
a81eca9d-2c5b-4753-b6e4-8e8e33b0229b,3c181f1f-8b4f-49cd-93f4-508f575197f9
f02ccd8f-c6b2-4e01-87c1-304318245439,c6140547-865c-456d-bcff-e8cbfb6cf87c
ece0cd63-7449-4b40-ba71-61ad5ba63b13,751f2798-2c97-43da-92c7-bae45fe853c3
e4f1f1f3-cc84-492c-98d7-74cb44778287,4865f024-36e3-4220-b959-e2a59f5d40e1
1498d947-e316-4fba-aa86-9aed21aa6320,864b6002-6355-438b-a4c8-ef2315bc18c3
af499033-3fd3-40e4-90e5-ac481191ae26,4cd0dc5a-f6d3-46af-bd56-41f5798aeafa
707e29cc-5f3f-48e5-b0e2-e2d5c2e6fecc,428b0d70-13ef-4c08-aa43-4b266af6359f
cef0ad6f-4855-403d-bdf6-5913cae0acc7,466f0aaf-a12b-4fa1-b485-b2c7640f57bd
8bc9d680-e10f-4b25-9519-55c2f826561c,2b267ede-5cdd-4f9f-b988-ed270f9c814d
46b6e9b6-097a-4df5-a4a6-5a204f75b87d,7611b51b-9da7-4bf1-b517-437c17dffe2f
674f3c6f-aa05-4135-be85-5fb6d1a54a10,92214ea8-1ac3-46b7-965e-c820e89baa7c
c16b5566-0218-4a5c-9cc6-0b0f784ceae6,2b267ede-5cdd-4f9f-b988-ed270f9c814d
daf60745-3465-437d-8851-1016b8b77f37,55a0bb81-37a3-47c7-8a59-23695a45a8b2
a8f76de5-ace4-4898-972b-5b1334c48ca6,586b17b5-f187-4f00-981b-207ab6903113
3657daad-baf9-4e46-9bf3-dbae75a27685,f44f434c-e348-4b21-8cb5-fbf97c4891ea
5a0b5728-ab78-4ff9-9934-33f27780fd73,bb34fac7-4eae-4ec5-86ce-d5665ac4f8ca
cef00319-bf3e-41db-8656-9e7b42bcfec5,e01a9217-2ea5-407a-bd2e-54cfb7cf7390
a26c697e-63ef-488a-84bc-241063111310,71224ade-f5b2-4e90-8e68-39f27d51bc43
b75852f0-5343-4ad2-90f8-7bb2af883198,ed2a4f42-817f-4098-8bbc-4f584f2ebbd7
6d4b0650-e4b3-4bea-a9a2-c7d4c372f7f6,480a1246-1b0d-4b44-a9d1-adc67648ffa3
8d484ace-b583-479e-bb78-cfcc27a99002,1ce96c28-a2f9-415f-aba4-c5c9670a2ae7
0b6065cf-0282-4c53-bccd-bd168333f57a,a9c8c623-05dd-4c0f-a715-92a027043a30
425eb57b-c9f6-422b-b29d-c0ecb2e9f751,9015f325-bfc8-405f-a7fc-47966ba99aad
70f62f79-d49d-4223-bd96-63ec8d02d4c5,e9362504-383b-4d42-a2e5-3db72898e529
af7e1d52-82ca-4b2a-a9fc-8308b27dcf17,bfb8e425-4855-4ff6-9096-5e94d29f8a1c
7c149bd8-0e92-4bae-a369-ae116a943be4,6869f07a-5f75-4aa6-a1fe-035c801499ca
7135d9e6-04ff-442a-bc2c-530dd156f9e4,a3d287fe-1cb3-487d-ba3a-b395a0a4bdda
b94f8667-fcd0-4eff-ab2f-7df6fbd061f2,bcf80f53-6eaf-4e8d-a80c-1ac1184b3102
bc635cfd-88fd-447c-8985-927b5f72ad35,162d9755-b351-4f10-ba8e-81368939a199
42ce8583-0924-44ca-8de1-1693710af71b,b8aeb5c4-8593-480e-ae04-007301deb056
74a6d4b5-a9cc-4d90-b59a-3634f07a3947,b161b96d-8435-4410-a75f-8e47772f83a2
cbdec045-28ce-4f69-b9f4-60954a7cc617,8a888f64-2845-475d-b74c-fbc269de5f6a
7d2ef483-e1e8-4763-8702-acac48d99f6e,bdbf53c2-ab1f-4c02-a372-a952b8854359
f5b47c9c-04c8-4ca8-bfe9-c7cffd70e3d2,bb98672c-ffe1-41e6-99e7-1e43f52ea66d
c1a00b8b-e88c-44c2-af58-a3293c525c7e,c353dfdd-779d-4bf3-8237-40ab43c919b8
e797a53b-4c18-4660-a257-3f430762861c,d5326c7a-d5a9-4128-a5d4-5faa9455abda
245e64f7-ee04-43cc-9cb3-b557b131878f,66e4eae4-21f7-431b-aa21-3b486796fda9
c16b5566-0218-4a5c-9cc6-0b0f784ceae6,8fed5fd3-31bc-43d4-b636-e30f9de68c70
a6a207bf-7102-46ab-8ce2-abe78d1c58a2,817a4bed-39f4-42dc-a03e-d17bc5681c4e
57bc62f7-f397-48c3-ac71-a04d0385408b,a58246f5-256a-4f00-afb9-5839dc2bd612
f0534795-cd19-49ec-af29-9be982cc5afc,b272a175-a627-44e4-bf5d-4deee87606d7
b5c526c2-d4b4-46cc-a890-6588ac0f9a4e,f02ccd8f-c6b2-4e01-87c1-304318245439
3cde1289-1692-41c0-847f-9b00f370aaf7,203a9a75-870c-4542-acbd-c26feb7be8f5
592718da-96a8-4f4d-83e2-4d226b38687f,2e51ef95-8a70-4b34-a8f5-c6fc19b8f37c
48fd09b6-3ae8-4d68-a4dc-ea093449be0e,80707d7e-f66d-46f1-aa42-063b2338c733
65f897ec-7786-4650-802e-4f9beff10fed,80499c02-3814-4fe9-9d30-10b906176344
ef901f51-0ff2-4dd4-90d9-ed1fae413ed5,e9667610-0584-4e29-9aac-e7a6d23f88d5
56276adc-7ae7-4f44-9436-56ba8d4326a4,e9df3c9e-a326-4b1c-bffe-0433b2396931
bf0fc290-7a6f-483e-a767-524bdcbae794,3bc33a42-fbba-424b-bcbc-5e670f716020
80b1a0c1-6358-44a3-ad59-087534b413b9,0b470f37-c73f-450c-b1d0-9fd2b7f21daa
c11e1b52-a1a2-4b35-a2c8-cc85eed05c90,a92ed420-c517-497d-b581-130ac4af8cad
8d297788-df15-4551-bfe2-90b33fc62fb3,a776789e-9f88-4896-82b1-7f32f1200af4
e49617f7-173d-4c8c-9c80-5fb80fffdf18,4f8088f2-c821-47e3-ba68-a9e7f8c37afb
71224ade-f5b2-4e90-8e68-39f27d51bc43,e1a0a27c-d343-4400-8f47-8861993b93bf
383fd3d1-eba5-4b94-b499-3b2ca983e40f,ddb025d8-5b90-4c7a-bd50-5e7e8c74dc05
dcdea73a-eae0-47bf-b35e-394461e34099,0c151036-d241-4f2d-a886-dba168009c8c
8512fc9b-5cc9-45d2-ade7-0fd8fc98f4cf,ba431580-335b-4b31-8bd5-41065b62b7f6
8e50bddf-7ba4-41db-9356-9930e54cbc29,d06c607b-0ab0-4db7-ad87-6b2a9f166662
0bd58eea-fcb7-429c-8e9d-c62556b0fff8,e6e5770a-ae87-4896-a176-fe8fdd188b74
a8bad58f-c7f2-42a9-841e-08c95fcd626a,bb4cd9e1-9bd7-4977-86d8-f98fe57c3046
0df53414-8f26-403a-ae88-bcc69bbe5506,5f2542b8-ba5d-44d5-b1e6-a529b10cbbfc
b5c526c2-d4b4-46cc-a890-6588ac0f9a4e,bfebb7dc-0a76-4f9b-9cc7-7fb943ff5f80
d7ef0e83-8a1e-43e6-bacd-413797926d42,4e0e6a03-b0d7-4ea0-875c-3112da1605bc
b496d321-adc0-450c-9515-99fbb4c9146a,96f23432-a211-47ef-8e88-02af68d6cac8
9d76f2e7-3ec7-4c0c-8ac2-e823ec2379fb,cda377bd-d130-4cf8-ab04-d6cb8549a32b
0f2759b3-3780-4d80-a807-3859b81388cc,b1d7cd39-10a1-491c-a9b6-26e7e4044ee6
673eeebf-98b5-4d2a-9c9d-801b6e571770,80499c02-3814-4fe9-9d30-10b906176344
41d96349-11af-497a-8172-6064408f954e,fd151260-7e65-488e-b751-18a820d7b257
e82be80d-bef8-43b2-8904-9fa8d82d657c,d2fb0df7-f0cf-4a76-8f53-2847407b2bd7
5ad4c9d6-2aa1-4e4d-99a8-adce810427bf,7fe933af-43de-4698-b2b3-ce701248817e
c0289cc0-3e4e-48bf-ac52-1a2ea54b24dd,9f26431a-b16a-409c-aefd-f9443cdd576c
305768be-ed82-4967-af94-ec8e008998a7,1be52253-4471-4496-ad15-d406a00878a9
c38bd8ff-72cf-48bb-aa28-72371917eb5e,a8fa6d48-98d4-4050-9245-5e8543ad541f
02858455-06c4-4c9f-b87b-d834b7e9b41a,dd546bf4-ed92-4988-b02b-5a514773049d
24526762-5529-48ea-be7c-4cd5fe867636,1459710f-132a-4ea7-b091-dad9722b4b5b
f1f921d9-078b-4432-9eaf-80916148c663,325e7fd1-cc07-4664-8903-ae17ae31f906
2bc89771-e407-4120-bc96-14add81eae7f,212f2cfe-11ef-497f-b371-05f370459ffe
66e4eae4-21f7-431b-aa21-3b486796fda9,d799e0e1-97b5-4ccf-9171-4ffd05556036
edb65928-66a7-46b7-b02a-26d89944f6c7,1e7d22e7-0f4a-488c-a4b5-5d9d17619272
26b079b3-06cd-4494-897a-75ec4f607d19,f5d729e7-4114-427f-8f62-5f5567476ba9
831f2be2-b8bb-46e2-b155-fa36f1043a71,f42737e0-7e18-422f-808f-94157d9f4043
59207b3b-bca1-466a-812c-ef7f93be501a,8d51607e-9d4e-4d04-9693-14227a7b0480
98c64de0-c434-4067-94bb-36646668739f,f6df083c-93d5-49a8-b69a-515735929c02
585dc1c7-0d6a-4d8a-8ddd-6d8f60e778be,be2ef67e-1eaf-4c51-b1cc-e8356a152fad
