post_id,file_id
a8f589df-e4a2-4c1d-b987-73b665fdbc1d,b3d5fc59-b61f-4b10-a158-4abcb254d37b
27800412-eaaf-4a48-9538-8d590d030240,b35a335f-f5f5-46e4-85e7-dfea76239b07
4f9f2d8c-c2bb-48a1-8232-54c5e7aa3342,2dfed796-44b7-401b-8a22-8c1733653c6f
fb5b7fde-930c-4a00-82de-beb4ae246bb2,3594626d-3ef8-4649-819d-1ff53d1ff22e
dc560e5b-2e80-4b9a-a72f-21147e48bd8f,cb6af237-286c-4911-8c05-13490e09a075
3e2b270f-4394-4494-bf33-5ae04729a21e,1592c3b7-6d37-4300-9293-440386112ffb
33b2c7d7-f104-4926-a37d-edd00d8ed85c,cbd0a7c7-6478-4683-a786-7ad83953e461
829a03bf-c86d-4ee3-9463-57e453ade4e9,d80b8665-1201-4968-97a7-cd22685246b3
f21c9fac-be3b-4e97-a4d3-87e0c3a26127,3698b5bb-9b84-4e5f-b3fd-13f6420fa005
0bdaf836-4388-4e38-8440-f248072e11f6,4d7461ff-f103-42af-a087-f99cd80a0bdf
6d8397a5-0b75-4032-b278-94139d4487ac,09c09dfa-2a34-4f00-bb85-0d7339a1226c
b4368876-d14e-43fe-9465-594d98023f46,beea7ae1-999e-46cc-9e7c-0e030b383532
c0944adc-c3d8-4db6-b0fd-9fe0bc1bef2a,2896b8f5-c6bd-4fee-8b8f-6c5157257ea0
01fbd387-bdcc-4ecf-b7d2-57c6d624c8da,b3e53109-392b-438f-adea-3952420caac6
3ce61ee1-4c37-4ced-877c-d10e1bca1eda,564db836-6142-4f98-8512-38470c650077
1933b760-bae3-4b2b-bc90-92fcfc98b020,b39f56bc-7fe0-4e4f-873f-a80a6be1fa9b
29c299f3-1876-424d-9691-60694da228a2,8f53227f-ae90-4e78-8759-f38855e4fd1a
f8fc3144-07a2-4e25-8f50-e38cef089727,2d66bc65-5ac6-4264-8b35-3781a828195a
afe480de-6bd6-4b67-a922-cda82b350f52,18829d34-950a-438b-89e2-c3af26b737a4
dac60e90-7ff9-4efb-a46a-9b0f9a669761,42079f99-49b8-4b7b-bc41-7408f29b909e
7f297d5a-c947-4b9a-956d-3c67cb06c476,cd60e75c-ecad-4e2b-88c5-9de43e94fd4e
cec0f58e-238d-4d27-9625-0dd808ac77be,18829d34-950a-438b-89e2-c3af26b737a4
b0211604-014e-4ec1-b5bf-6c431a71bd11,2b8105d6-c410-4b41-8954-f45f5079bf6c
d38a99b9-d69e-454b-aa4a-fb405d9814b3,7353e0c6-8fbf-4ce4-812a-df4e3f9a0405
be07ca20-241b-4e22-8bb0-3d6cfa528097,28784833-567f-440c-b6d7-24d1b9d9280a
4799fea1-64fd-4d17-90c3-32faf4cd6e4c,44567df3-03a0-4755-9840-505b0391a32d
03e8705c-5000-4a4b-8359-9ba21e5dd148,6a89e33b-913e-4080-98e6-64f428677ebc
6409bc59-4456-4bcd-b8bf-17091bda0c0d,d7d7fcb1-4281-47d9-9517-7fa0f69693b7
48673abe-617a-4d09-b502-0027ae7aa985,da6f4ae4-4b59-44fd-a85e-14b00dee1a0c
79a096de-93d6-425c-b5c3-a7d57f463b8b,29a392d5-4cc8-4b1d-b40a-f32e426fdd6f
d352b2a2-f988-4741-92f7-e779eea566ab,ca708490-0d24-43e8-9c1b-4fd71fe3138c
f2e7477c-f09f-455a-8662-257360aa048a,0f017211-5138-48ae-bc06-b46b85e1bf32
50db5e37-f72e-4d5c-a9e1-66fa96aca626,2373a883-4940-4da0-ba22-0d1daa448bb9
29bfc38b-d473-4048-9d0c-204149ff24d4,c1f24c92-f9d0-44bf-86e0-7e081559cd1b
4799fea1-64fd-4d17-90c3-32faf4cd6e4c,8a7764bf-0f50-4a11-876e-190dc9580001
475361b1-7425-4a44-92a6-670f051c5007,e3dbd103-0c65-466e-a264-e3e5889b85e6
9d4036cf-e2ba-4290-a79b-1fd14f25974d,d6a961de-f5f6-45dc-9914-90f9667290c4
26257a60-7395-48c3-b588-fcfc9b16db10,ea7abd98-0c43-4373-a4b0-ac7f0923ec23
3777b097-cc13-487e-a10a-a5ca3f5a671d,8c805505-f12c-4962-b37c-9a557dfe201f
2dda72e2-53be-41d5-bfca-d755e5d721ad,e4c57050-a50f-4000-b764-2d9f2b7dbf39
c1393bf7-ac6c-4340-a2bf-4ab7f8c02543,74ea409c-f569-47a7-8d2c-e66178729275
cfc8fdd9-f869-4870-b4e4-941196a690a9,3a803dc8-e9d4-40f5-8f1e-32fd5de63dc9
2430d1f2-3c9a-4765-932f-ecda474154e4,b27b436e-a02d-4d9d-84aa-eb3607e5b48b
5b6b72bb-c794-4e10-ab84-b9bb6f65ee9c,ca702d04-0ea0-4417-886d-1f7b5b5a228b
6268ceea-20d4-4816-9ece-7e4ac957bc04,1609d873-ba32-4566-98c7-bc6ca9766667
97b070c8-93ee-4a66-b649-b995c98353eb,d80b8665-1201-4968-97a7-cd22685246b3
a6102a3e-2237-4f02-b7cf-69f644ac41e9,f2c051d8-0f4b-40a8-8291-a95da9fe9c46
b70aec9e-f40d-4c32-ace9-aa5bb7742c08,8335ac56-179a-42d9-97fd-f99a1cdf879d
2dd2e344-6fef-4437-95f8-c14b8ca6620b,c8d64188-248d-4dca-911d-7398b2e32551
96f04d17-a71d-427c-94c6-ff2fdc840cec,0d279e1d-fcc1-4172-a6ec-8bae3a920744
1b6821d8-5210-46a9-99ab-90f0d24d755f,ffcc194f-6278-4b1f-8886-4a93cb87ac66
abcca82b-4f0f-427e-9444-eb2bb4974c8d,053ae39d-a0fd-49c0-95d7-4dba3785a21d
f0738f58-6442-4427-b158-89d9a4342657,be03a30a-400b-4a61-8fcc-cb1ad4cae150
0af983c4-911b-4610-9187-cd8900c3f2b8,0a2c3cf6-7cbd-452d-8ebc-4b82114f3a39
0d94ba60-93e8-4df6-8827-f003a4d09ede,890432c7-8e9b-40eb-9d8d-b6b4f6bb4242
f529dcce-9853-4a5b-a928-cd8dfc85f596,c2f446ad-0a80-4388-888b-025158967ff8
9f99f184-c4cc-40ab-99b0-ea530bb21fc7,98fc9930-22bd-4693-8ef7-d142642eaf2e
c5d29aa1-0219-44f2-aad0-327f4ee30975,076bd34f-4f6d-400e-9bf5-2ab4a3ba3b1e
5097d19e-6253-45e3-a594-aa0484cc9e29,efe227fc-e440-4cd2-ac20-a8233d4fa17a
d086c497-fd83-4796-8336-0759957cf09f,cbd0a7c7-6478-4683-a786-7ad83953e461
32e9ff1e-df5d-47a8-90a9-7fea8fdc82a6,bba63c2f-5556-4c48-accf-1f60b1df804f
b99862bf-2398-416f-849a-239656cff617,7318e11a-f54a-4e77-83e5-7de12779806b
a772a057-2803-4993-94b9-ccb8bc91f0ac,b01ae567-0d08-4cd8-84fa-bf5a07d59806
bf56146c-8375-42d6-9279-2215bd4dbb16,8b5841a7-9a80-4274-82c6-772dc0455939
5b6b72bb-c794-4e10-ab84-b9bb6f65ee9c,d64e55ec-1a9f-4f92-a9e3-40f722a304d2
b9c960c8-fc77-4014-853c-558e228faa0a,aed227b5-4b00-4d63-a89f-0384db6134cb
400671a4-7108-486d-97ea-d1d71a0a1a8f,51e1e1b1-5094-485a-b125-c1f03e8d4f21
6e1366d5-2744-4e54-abaa-1bbb1f67bfbf,782c976c-0559-4cf0-b012-00f21167cb56
be07ca20-241b-4e22-8bb0-3d6cfa528097,2f002397-6681-4dd4-8db9-0818e1be8695
f38ce092-8afb-4965-90cc-b58500fe77dd,091190c0-9f71-4c15-beb5-ae3b266501fc
ac66a886-2144-4189-8578-ee9c00b3db6f,963a340c-bfd7-4f5c-9222-320025d30b84
c73480dc-8970-4617-8fc9-7348b11660b5,6885352d-c180-4f51-a6df-4b87afe4b154
57e41315-6472-449d-9cac-ffe54fd701aa,8a8e1eca-efe2-4500-9ede-9d33a97b68a1
80c55aa4-dc68-49c2-84d2-791eeafa255e,5f4ee685-1f2d-44bc-8de8-ce8ce45047f9
0abb9886-67ea-41e5-a4ba-0ec59c8cf85b,78d3eac2-f853-499e-9a2e-81326d96c485
66d8c9fe-b77f-4ba5-a21c-da9e9486c87d,3a803dc8-e9d4-40f5-8f1e-32fd5de63dc9
538f82ee-bf29-4d66-803b-25668398e18b,4df729b2-1f30-4040-9411-723f68bd30cf
f81be660-59de-45a2-ae74-d0fd93ae680a,0e626d8d-52b4-4be6-9e8e-c6689f6cad79
c7f48629-b51c-47cc-950a-e60bbe36530a,41edbae1-a963-465b-beda-bceaf878ae97
3c0cf958-bbdb-48d2-bd90-79a69b23eb7d,0bda8aab-196f-4d5d-b819-8a52a6b969ab
ed6ca255-23e2-4492-bffd-254d838c7a88,6e258dea-b8b2-48dc-8197-763a37cc09b7
93e00a37-3945-46e4-b9ca-014c5c578fdd,b2022fb4-ebbc-414a-8ad3-45773dc7a47e
0ed4905b-68bf-473f-ac0c-bc2210432727,3c13b5b3-26ca-457b-85a3-11d593bb8179
ceaa9419-6685-4190-9d97-12905ef14bb4,2373a883-4940-4da0-ba22-0d1daa448bb9
7e4a03a7-b091-4d60-a463-73452abf6eb3,484dae94-41fb-4e7b-98d4-ba9fa1594a09
ae750c95-f3db-4b7f-89d2-529038a31bb4,009f2d7e-a945-482f-95f4-97696a7fe977
f2704109-ff33-461a-8891-8073a8a12546,5409de57-4eb7-4ad5-8f12-f1320f85a1f6
02c1171c-b21c-4008-b391-e96bf73257d3,c736f0a1-9a6a-4695-9994-f1220f73a5bc
51c59062-8bb1-4640-868d-0fe1a102f1d8,8f53227f-ae90-4e78-8759-f38855e4fd1a
eefc0243-f59d-42e7-b176-c7c3f5eb52fb,d965ca31-4fea-4d11-83a8-0b2307c96a96
a971a4c1-3f10-4c01-859c-e31af888d667,209bf47f-6cde-4837-9da2-ef7fda5b4bbe
730a4cc7-c632-427e-a6ff-cb723400cb08,c3a99b80-f663-4a70-9264-ce192c5f9954
47d1018a-a45a-483a-969a-80cffe3480dd,186e90f1-9fc4-4a2c-bb91-b1aee1e792c5
e6bb3e5a-79b9-4a81-9c53-a9dcb0d58084,0e620062-e6c7-477f-99f0-f0c21b1dd13c
210474a3-c18e-474e-a7db-6d3a6fdfa059,a3bfdd2f-9fbc-49b1-af74-a0cae6bbd123
fee2eff5-7571-430c-83e6-7178ddfcc7dc,0641bcf0-a56c-47c8-954d-b7a51367a7d9
e6d82d56-f9ea-49a8-9723-ccd127982399,053ae39d-a0fd-49c0-95d7-4dba3785a21d
dc3debae-7eeb-4952-8fa8-3179fe0a0d02,0a6a3555-f920-4c4a-9d18-0ae876a2aa09
47c6ac9c-dd16-4379-a36b-6656bdd9c7f5,27c35b48-b229-45f2-b035-8dd7621addfa
f7f5e67b-6cdd-4fe7-a959-79099bcb841e,27c35b48-b229-45f2-b035-8dd7621addfa
47f2f8e2-29c0-48d4-bb45-42fc6b2ac4c0,a5bd61d7-31d0-4da8-875b-c74426c7fc4d
59263235-4704-4068-8231-505c25083cd3,0e626d8d-52b4-4be6-9e8e-c6689f6cad79
325b3f55-6fa0-4300-861a-7864fbb6ef9a,efe3594a-5b70-4e65-97bb-07569b041bb4
db62a99a-9527-4565-8a91-69dab90ff05c,2379fa3b-551f-4899-86ac-ea3e9efae231
852414c3-dd83-431d-81f1-b1d76a0ed1a8,b9d560e8-aeba-407c-b904-0e6110f139b2
70228d9e-6fa4-4389-a100-585fc8fe1350,9aa4f982-1606-4baf-ad6b-b38ec996f5a7
03432d84-2fcd-4358-bc21-527a7a26b3db,0bda8aab-196f-4d5d-b819-8a52a6b969ab
c291f3f4-297c-4b11-ade2-05a39e448d2d,2f002397-6681-4dd4-8db9-0818e1be8695
c978d7a7-8b60-4be4-8409-5a7102c6261b,616be75c-232c-4ba3-aa87-f28ca6a1e810
ac66a886-2144-4189-8578-ee9c00b3db6f,6073ddfc-ffc4-4c68-b597-571c284171a5
9397fa2a-ca44-47ed-a025-1047f6ab13c8,891bce08-3e4a-4c70-9205-b59c32935f22
039eaf2e-ef53-4324-80e7-f1433d442291,85b7ccbd-3a38-4cb5-9624-71481c94587d
bb2dab6b-5a8f-4708-a16e-2273c3ebb5bb,1e03d88d-7343-4c47-9e1b-ad59149a87a5
dbff54ed-6646-474c-9317-ca75829f3087,cd5fcb21-525a-4c98-84a6-3c00cebbfe77
d22f4e0b-f782-42e9-9474-60f205c40541,db2b09ed-122f-4ccd-bf27-6a41ca0bcba3
837de3af-815f-49d0-8914-a481d35d673d,5e111d3f-5849-4694-8fe8-d94a93274ccd
12cef227-6cad-4de8-b55a-a48ef2d84667,a75901cb-cb66-45d8-8bd6-34c59b802757
3dcad160-b486-44ba-9b49-d8e1b884c3e6,68378955-1997-42fe-9a65-16af3ea76b63
0bb9887a-8004-4c07-8582-0c2718a7e80d,e53dfe44-f0ec-41ea-a278-d3a0ceeabdd1
455be6b6-a195-423f-98d4-2788ad90aa11,f76925e0-9f0a-4fde-a864-3d1aafdfdd46
fa0257b6-08df-4202-ae1a-baccecceae15,1e890063-d2e5-43b6-8dd3-0eea21579094
22bf45a0-c872-47c2-b2dc-5482a61f3484,b19bd491-7f33-4473-9788-ef88e8db8bad
f1b668ea-bb4a-4f61-b044-bc8f71c987a6,4d7461ff-f103-42af-a087-f99cd80a0bdf
cebde442-99f9-4384-b661-28b0852e492a,01f3163f-a9fa-4e82-a7a6-0bc6e5e6ae25
b76d818c-3682-4382-b7e4-20028f572fe5,c0212a04-dbfc-4f7f-a404-f8124794422a
822a59b8-4b06-432d-9b16-68f83b693233,15166d13-198e-4c49-8c63-3470cd39406e
fd1297b5-a719-4db0-a0e9-529081159a62,dd9243fa-8747-4741-bf74-7918674d611a
2398bc68-8c40-4afb-8ea4-e907eb6ea262,71adccc8-5f2a-47e0-81c3-c78729dbc2f2
142d9a2b-4ea3-48d2-bf91-96bde65035cf,50123b22-f4ef-4e61-83a4-6b8d62a496d8
5a2e9a2b-5717-410f-90d2-2346b4aab170,b1fbcb1a-b017-4c5f-8843-35df4998fb28
a3acfb2a-6e11-48df-8a15-84959e34dc7d,7ba0cb16-8799-454e-81c9-0308a42ff98d
b76d818c-3682-4382-b7e4-20028f572fe5,7e2a4507-f6ab-4f23-8c95-e3ae496ccb70
6409bc59-4456-4bcd-b8bf-17091bda0c0d,75aefb04-0562-40d7-b356-87d862550ea6
f2815220-07ec-4c27-bdcf-2e00214c9542,899a05af-17c1-48cb-95d9-3866e8c89509
63056afc-a576-4eab-80cf-f80e12f9ab7f,42a281e8-fb51-418f-8ef0-094383a67410
f2704109-ff33-461a-8891-8073a8a12546,55426f0a-7e4e-4234-a865-8cc8543fd6c3
193768f7-7d02-4b50-8f8b-3d331d242946,66c7306d-bf64-41f5-b53f-da4a40b14c82
e16b559a-0c3e-4a17-b435-d3a20d04d4b8,156b689a-2438-441c-a3cc-ba2ea79e3b84
27f88eba-eb8e-47ad-90ee-794fc5619058,be945123-859d-43c5-ab62-6a391fd1c70e
edc5b8b0-e7ac-4217-860b-e0344b18859e,6073ddfc-ffc4-4c68-b597-571c284171a5
e4037cba-dd9c-4d4f-ac46-d05fd02d58bc,7318e11a-f54a-4e77-83e5-7de12779806b
b656796f-1c8e-48b3-810d-922c88b77fe9,6634f7d5-9373-4eb1-b2cc-27b9732e2ac2
6341fa66-e238-44ec-a87d-d73eced21cf3,86097546-68f7-4245-a267-1017ecc1be5b
5cadcf73-6c79-4f02-a3da-69b4572ecd37,0daaf92e-33a3-4345-bdf7-f38242ac4116
a1f6371d-8e54-43b4-99aa-22b5bc9a123e,8062fc7c-a681-4526-ab86-6fd07ba70607
f9f1fdc7-f4fd-4227-b488-e11b360c1d0d,d8b8ac20-7d25-40f6-a444-26a018011d41
d4bf4bdb-b065-4b1d-b69f-2b556cbc2107,c736f0a1-9a6a-4695-9994-f1220f73a5bc
39e56431-fc12-4066-a119-660a9f312c2e,94e0d5d1-b1e2-4a0f-b4fa-ed71876fbde9
b1ff590d-4b4e-4023-a212-d9d40bace19c,93ce7163-1d62-4551-8d32-e0822b1ff60c
b2b54b6c-7857-4f45-a686-889a18669033,b1fbcb1a-b017-4c5f-8843-35df4998fb28
9e8f000e-9c2c-4af2-8422-65fff63d9ef1,96e0e0c8-04d5-4589-b7a4-db5aa0b4aa8b
4ba1e2e2-f1fd-4692-b506-d159f404decc,c6ccb289-bac9-41d0-86ca-07616b245aab
23f0db0c-0a90-4efb-94df-0c247b43c7e2,c3a99b80-f663-4a70-9264-ce192c5f9954
2ab378ec-2fc8-4b63-8ab0-5688fe716352,01baea01-613d-4114-8dbb-8037e7171dce
5767d01d-a530-47ee-9f08-2fd0f10f5f2b,0cccb464-bbd8-483f-a55c-b51999f6379e
6997fee1-dc4a-47d4-a7e7-1d491179146c,1609d873-ba32-4566-98c7-bc6ca9766667
c0944adc-c3d8-4db6-b0fd-9fe0bc1bef2a,558212f6-54f3-4b2a-9ea1-0392fe711c7a
24e90f9b-7e48-4495-aa72-df0bb55c1c8f,86097546-68f7-4245-a267-1017ecc1be5b
d3fa6330-410c-4e27-bae0-2cebcba9e72e,2373a883-4940-4da0-ba22-0d1daa448bb9
12cef227-6cad-4de8-b55a-a48ef2d84667,cd3bb32a-44ec-4e09-9d93-1524fa66885c
42108625-9f71-4d51-83de-2ba3b41296c9,726c1ad2-eda5-4714-aea1-949c0bc15e4d
dc3debae-7eeb-4952-8fa8-3179fe0a0d02,a1e2bd97-ea81-4acb-8971-8705b7540aeb
914221e7-91cb-4a12-a736-cf7f8425ddbb,ce06abba-48be-434a-9644-397ad55e635e
d45ffd97-2ff6-41da-bdb2-f8369617acdc,2e0bffee-ea01-4789-af83-dccf60eca8dc
5cd88ef8-2de2-4762-b063-e13ea953d77b,d5298133-5159-4cf0-a0b2-808b0a041aa0
cbf235c0-e58a-4626-9176-5c0581dd5448,972fa2cd-3552-4594-9141-42b0dff2d72a
c3446eae-e9d1-47b3-b22b-be67e6025d10,707fcf6c-1715-4d5c-bc8e-a71b44e89685
f1b668ea-bb4a-4f61-b044-bc8f71c987a6,890432c7-8e9b-40eb-9d8d-b6b4f6bb4242
97b070c8-93ee-4a66-b649-b995c98353eb,90c383dc-ec3d-4a0c-8bb2-5ed43cbf9557
5bb8d6f2-6e1d-459a-b593-768e8b27485b,f5441abe-2370-4821-bacf-c4b14ce8f6aa
544b3061-033e-4429-99ab-f6ecef600bfd,2a1af99d-f479-4823-a751-6d20967769a1
b76b1e7b-b4c7-4d0a-b13e-d956cf74835e,fa377ee5-57cd-450d-9a04-97b6688ceb35
01c2dbb3-e273-4072-9494-62d548143c89,8efda752-1ac9-4b33-a2d0-2240c3ba2460
df588be8-9561-4f4d-ba6a-4ee7ff90493f,65e87a71-44a7-4f50-92a5-6d09ce192a2e
64ec8b76-3bfc-449a-b8da-fc8718f51b7c,9b4a783c-959f-4b81-aba8-166257fbe1f2
9415c014-81f8-4f8c-9d0e-34882bed24bc,a75f3867-6420-49f2-b983-7372176d1fe4
4f2e0d5b-70af-4974-a4be-d9d94943a83a,8f06003d-fa21-4e83-90c4-5fa7de083a8e
0103a329-20b3-4507-8024-83dfce5de5ed,dc850aa0-4ed1-41e8-b68e-134ecbc816ba
f8ab46a2-6f52-4b70-a3a3-a3f16afc9b62,0a2c3cf6-7cbd-452d-8ebc-4b82114f3a39
80643f31-9b24-4257-959d-4afe60467095,2e8426e2-7aef-4ce8-b4bc-9264409374e2
b1ff590d-4b4e-4023-a212-d9d40bace19c,7353e0c6-8fbf-4ce4-812a-df4e3f9a0405
99b842bd-d7a6-400e-8ebe-ace54599d9ba,898dcc52-7e21-450f-9fee-f21656717eff
4ad17a08-f72d-44a9-962d-94e6658222bf,8976f584-ebed-43c2-a77a-56282de6c203
4f61adc9-3c22-4efe-a34e-e8a101e81cbe,61d1022c-149c-4f30-b209-22f04b82eb8e
a92c5916-77ac-4e0d-9bd9-8f5f01160af5,60f7d888-120d-458e-9f2c-147d4996ede7
083874fc-424f-425e-a40b-5671d0c36bc3,728dfc94-d24a-44e8-8b0a-ebf15b5e235f
083874fc-424f-425e-a40b-5671d0c36bc3,dcf3da74-6980-4ab4-9269-44ed046dec98
1978dd50-6969-481c-821c-727d2a49cbf7,01440621-4d7b-4311-84d1-d9bf2aef4641
2ddf946b-a16e-41bb-ac5a-647e25fd38ad,053ae39d-a0fd-49c0-95d7-4dba3785a21d
ae324930-3e1b-43a2-ba59-145b3146c852,b7deacbb-ec1c-495b-af34-745a4c7c76d8
2d23a0b7-d3c4-48b5-b2f6-5b6ae4e453ad,9ba58904-e0b9-45f0-9176-8d3b0d696599
76937013-5da3-4cba-a98d-b50641de850a,2dfed796-44b7-401b-8a22-8c1733653c6f
da43188b-1f2c-4ff9-9656-8d05e377732c,4394fc21-f25f-498d-a4c5-9de7c3e12909
c442bb09-463e-4030-ac13-9aaa314bdcf3,d5474a37-faed-457c-8f31-c2fd8ff3fd23
742d2c97-029a-4401-9ff4-4623fb50a246,09546180-1efd-43a4-b072-9ea3a68b3989
7d28cdb0-9926-4814-a1ae-4f81358ece18,d42b025a-df9a-43c7-94e9-b948ab887054
52b20bbf-c6be-4d06-965b-a61de6e4986e,50fc4b19-0f09-4ea7-958a-339afee38211
4a537413-a18b-4abe-b060-8b89b4c61293,949d1034-3263-4aa6-8585-6b9e1648708c
3b40d732-33b9-496d-bd21-61cf3e7f6cea,76eea9e7-742d-45cc-a074-27b2a5da54ec
b0bf4dfe-1cf5-41ad-85f4-7e3806d4d3ab,b24af84d-dfc4-451a-9f08-b5a81b9f97f7
de05117a-2535-46dc-9249-ec7a3c724fad,18974b5b-3771-414e-b466-9fa66d9c5310
ffe0115a-fcb8-4eaa-abaf-68a3b8ef4fa6,30491367-3f80-469c-8d97-3660e8044f39
f7f5e67b-6cdd-4fe7-a959-79099bcb841e,54e06258-66e9-42e4-8ee7-d16dbf4ad2da
d38a99b9-d69e-454b-aa4a-fb405d9814b3,12ee1e65-da0e-48c1-a1f5-4c17a66d6399
b9c30d90-322f-49d6-8e00-bef80676cb2e,dde3c04b-405b-4fc0-9dfd-cb7d73a6e324
05f35e7b-f16a-48f8-a47f-ec0190989fc4,1609d873-ba32-4566-98c7-bc6ca9766667
1128fa6d-b429-413c-901d-7a7f879c05e5,83078ae0-848d-471d-ae89-83dd65264696
b70aec9e-f40d-4c32-ace9-aa5bb7742c08,b3e53109-392b-438f-adea-3952420caac6
2398bc68-8c40-4afb-8ea4-e907eb6ea262,b9956feb-f55d-4c26-9c6e-0a87a9ca2abc
744affa7-740f-4b20-b92f-056625778121,d1f5d0f1-ae11-4b45-961b-0a3926a67ad8
9e8f000e-9c2c-4af2-8422-65fff63d9ef1,4eacf572-7ca7-44e4-8aba-6151ac941bd7
5bb8d6f2-6e1d-459a-b593-768e8b27485b,d2de89bf-3cbb-41a7-87bb-098beb9d9e1b
a3acfb2a-6e11-48df-8a15-84959e34dc7d,e104e2a0-47b5-4645-9746-c81ba6a622ae
95036645-bebf-4044-9636-a988e3d72de0,1c76b77d-8316-472d-a721-4d19b4b2c3e8
7c47f306-cc6c-4e97-b2ca-9d208d20a991,1683821c-137d-49c6-bc72-fb8eb017cba4
3777b097-cc13-487e-a10a-a5ca3f5a671d,9ce80466-50be-457d-aa7a-6d8ad753b30d
c5168e40-9c5d-4a6a-850c-5b70072520eb,0b65aee5-5277-4613-a026-c438e70441e2
96e5549c-ecd4-4397-9b60-07db9e6f2db9,7e0c5cd0-523c-43ae-87e9-6446bc58aeed
742d2c97-029a-4401-9ff4-4623fb50a246,8dffa45a-eddd-4edc-9836-01f031dbb1b5
82b9ef0b-41f7-4b10-b903-949258e532d5,a5485431-ffb6-423f-871f-eab8375eca41
c398772c-fdb3-4906-9483-bfe4f3cf386d,60328a43-c200-4d3f-a951-fed1a8b697a3
9397fa2a-ca44-47ed-a025-1047f6ab13c8,3a3ad497-d947-4585-81ff-2d33042026ab
f2704109-ff33-461a-8891-8073a8a12546,9ff2023a-1829-4926-b748-e49c33a754f8
544b3061-033e-4429-99ab-f6ecef600bfd,b6b238e1-a0f2-4135-912d-ec89ced676ba
aaf55712-47a8-4bf0-9f23-ef83e13b3a70,e358418c-9b08-4c7b-866e-50f3d066932d
8b173d38-c4ad-49f9-9877-0ae6ae4eae8a,66243d3c-db9a-49d6-a671-23d126a3734e
76f3b814-88b1-4901-a791-d1b1dd5a2b36,79be1238-0feb-4f31-850a-fc40491298fa
221e45c4-0dc3-40b0-aa50-ef81e054bb3d,b08894d6-fe28-4738-b7f6-1008e5afbedc
7537f7f5-9600-430f-8b3e-ff318d0f3029,321271c0-609f-44a7-9c06-916e4eaa0158
29387254-eb14-42d0-b27e-c6b91313c606,d43f2d62-5fb5-46c5-82a0-ea8ddbbb6fb5
2ab69083-7457-4a4e-a598-12e22e512ad8,27696469-89c8-49c9-be13-7187b5a9f0f4
73ddd733-dcda-4d95-b2d8-49b2e2a94999,c56609fb-5826-458b-8afc-650d33595831
f2815220-07ec-4c27-bdcf-2e00214c9542,897f9f96-baee-4f55-8e8f-a7a4a93d610f
f7b07e45-0d50-4cdd-a95c-3399d2146ee4,349b49c1-da70-46c8-8805-f95e1badbee7
67c02247-86f3-4817-8f04-1bd004179cf4,c9baeaec-da3a-465c-a05e-b3a74eb18107
d9dd3d8c-e8eb-4794-bdd2-1073540d10de,20cae99f-36da-4a0a-8e03-4979ab06da37
bb934c5a-c3c0-4bb0-b4ed-385ccade7927,6e502f2e-e784-4b85-b538-0efed5548ec4
5f381045-9772-45da-aa03-c933e67bdede,95324f1e-3155-4368-bad5-2de09fbe01aa
0bb9887a-8004-4c07-8582-0c2718a7e80d,d88ae68e-ca0f-4148-a4cc-3bebf33fd1b3
325b3f55-6fa0-4300-861a-7864fbb6ef9a,671f2e54-17b0-4e10-8b35-8c5696f605f8
93e00a37-3945-46e4-b9ca-014c5c578fdd,106fa683-497a-459a-8b7a-3ff4e78d421f
c3a5a8ec-9c20-4de2-a3ae-01d45754e0d5,c16c5557-a4ef-42f3-a4ac-28be1ee79f29
3effbd7c-09b3-404e-b01b-d97597fa402c,8e335876-8ef5-440b-9d64-f28ca76786bf
5097d19e-6253-45e3-a594-aa0484cc9e29,ed062d9d-be7b-4dbe-a8f0-1cbec4485d46
03e8705c-5000-4a4b-8359-9ba21e5dd148,50fc4b19-0f09-4ea7-958a-339afee38211
05d73b7b-e97f-440a-82b5-496c79b64947,b6b238e1-a0f2-4135-912d-ec89ced676ba
d9c0d439-90a6-4bb6-83c7-22b467e55192,b8736860-92d0-42fe-8c1d-3d3cac7064e5
d71841d3-6822-49a5-8483-c76083ce7753,ab6fbc91-e7b4-4c71-a3ee-13a347deb19d
d086c497-fd83-4796-8336-0759957cf09f,c719aa4a-1e0b-42f1-8883-9e96faa8c2da
3d560069-281d-4fb8-91cc-eef915d146e7,ca708490-0d24-43e8-9c1b-4fd71fe3138c
143774fe-6111-4708-bee4-75e3ffb84c7a,e7f941fb-1391-42f8-946f-1ab50e10249f
63f1978e-b82a-4b37-9083-eb668c5cc395,6e258dea-b8b2-48dc-8197-763a37cc09b7
6d8397a5-0b75-4032-b278-94139d4487ac,c0212a04-dbfc-4f7f-a404-f8124794422a
d9c0d439-90a6-4bb6-83c7-22b467e55192,ca702d04-0ea0-4417-886d-1f7b5b5a228b
8592a62d-801f-4089-bf66-ade79d24636b,7b7b0520-3ff4-4e5b-82f7-1e3aa5eb258a
62a3af2d-fa8b-4d43-aab3-b4a6f5266d0e,9721151c-5b1d-47dd-b6d6-41b14bea6842
71fad873-ccbe-42f4-aebe-b2c671283527,81b2c007-b0ed-43e8-962d-d45e9c675025
71e570d5-fe32-47ba-951a-efccca7e2f94,c70ca92e-a9a8-40e0-9e04-ed7f60b02a4e
142d9a2b-4ea3-48d2-bf91-96bde65035cf,c6ccb289-bac9-41d0-86ca-07616b245aab
26257a60-7395-48c3-b588-fcfc9b16db10,29526beb-beeb-41c8-a4fa-bde03fb30cd1
c9fc5fdd-8ecb-4fa9-9f02-88656bcc614f,e7920df9-680d-48cc-8f77-33a9f51932c3
d4fb645d-50fd-4527-92d0-a9bd822c8b71,b57a0b05-fddd-491e-bb33-442ae89b2606
d9dd3d8c-e8eb-4794-bdd2-1073540d10de,347495f3-367d-496e-b2d7-9d9224019734
0103a329-20b3-4507-8024-83dfce5de5ed,4854eab4-8082-43bc-8e6f-2137cf14fb58
9f348216-cc9f-4c2d-9e41-26e0e1884e0d,e6cb4dd5-6892-451b-b136-477291455bde
2c109c7b-6226-4299-a14e-bb89d279c81a,fbf71228-87a3-447e-aee4-937ed9aebb5f
164bf3a8-4b63-45cf-9249-0eeb0ec3a39a,1e6acde4-9d49-44e0-8883-62ce52ee5890
503b887d-4934-42eb-a620-e7530b3cf640,a22749b9-ada8-455b-aef5-1f8992d8b2f0
e787e20b-1f26-4815-acfb-24a87e367d72,d965ca31-4fea-4d11-83a8-0b2307c96a96
c8243f51-2199-455c-a5ea-613904798d95,8f5c158b-686a-4ae7-9307-9d800ab572cd
3dcad160-b486-44ba-9b49-d8e1b884c3e6,d2de89bf-3cbb-41a7-87bb-098beb9d9e1b
85681f0c-2c08-4b45-9eca-4d64775f3a05,f76925e0-9f0a-4fde-a864-3d1aafdfdd46
310714c1-c3d0-4b18-8583-6bc6464ed351,41e1098f-7fe4-4956-a13a-73590fd52d93
91f1a25d-e9df-4e69-96bd-cf214794f192,c43e81ca-09ac-4dd2-885d-ccc371104504
1ab1ec98-3c8b-4a64-abd1-75d731e17372,c96f68a8-9915-4310-b52f-76207b867bdf
d71841d3-6822-49a5-8483-c76083ce7753,b3d5fc59-b61f-4b10-a158-4abcb254d37b
379a4343-7389-47e3-9f99-4fcfca1b46e0,0344026f-6eff-4fc9-8b02-c55372ee5d5b
a47325b4-07c2-4c79-93b1-94b7bce258e5,271ffa2a-ad4e-4985-9222-cd82f3c743c7
691c08e3-9e31-4b85-9fb7-9458c348df77,d46c3146-ab22-447e-bbea-ebbbd6b86823
8c60085f-48db-4afe-9f8b-8036bf8c3eaf,e3dbd103-0c65-466e-a264-e3e5889b85e6
bc3e854d-ffac-415e-a763-83f63416b5d3,64896ca6-7dae-437e-a7d5-2ec082c8ce40
4f9f2d8c-c2bb-48a1-8232-54c5e7aa3342,349b49c1-da70-46c8-8805-f95e1badbee7
a24f0ebf-1a40-477b-9582-2788af354722,d7a74bd3-cd3a-4882-8034-d605e1849f12
44528b7a-4b18-4f3c-aff4-54442f7156b4,1ef43fb9-0a74-4ab6-8cd9-48daa62e6011
03432d84-2fcd-4358-bc21-527a7a26b3db,9ecc8031-6cbc-4653-b250-3d20aaf76156
bf15b1b2-8f21-4304-882e-f51de36b10b0,c4d4a21d-13b6-4416-a6b4-d666f0277493
fb5b7fde-930c-4a00-82de-beb4ae246bb2,b4cda61c-152e-4d79-8605-cabab79da748
27f88eba-eb8e-47ad-90ee-794fc5619058,9d00b0de-00f7-4638-a408-bf0c516c82b2
dcff4524-494c-4c4b-aee9-14abe38bda4f,e7920df9-680d-48cc-8f77-33a9f51932c3
cab10a99-544b-40d9-8565-ecf16c9ed94f,b18f3af7-ba66-4761-9093-48fac5736b20
034bb701-3abc-4940-b258-81df2172abdc,f07963c2-c979-47ad-8a5b-a9c9daaa355f
207c9dc2-59b3-44f4-bfae-d608e960e6b9,6b323cf2-fbd3-42ac-902f-182e7aa870f5
4fb1ba48-9cf6-48ae-9d1a-8f5ff991ad08,56c28c73-48bd-4197-9a4b-f369640d774d
027c3f9a-aab3-4b6b-8bff-cfc8511d4828,5fa40549-1eb2-43b0-8102-cc1a9da30df4
8186e127-9192-4819-a33e-41dfa834218b,cd5fcb21-525a-4c98-84a6-3c00cebbfe77
18ed4b4e-6951-49da-be25-38093e40d4ac,71cbafb3-48ad-4f1d-8091-4235c67a9a08
142d9a2b-4ea3-48d2-bf91-96bde65035cf,726c1ad2-eda5-4714-aea1-949c0bc15e4d
9415c014-81f8-4f8c-9d0e-34882bed24bc,f07963c2-c979-47ad-8a5b-a9c9daaa355f
efca5753-8143-4347-b7fb-d81306fbbf31,b2f37682-e35c-4c79-bd97-09cca37dd96d
70647f43-519f-471c-87f5-069bbb3b79ab,b8016407-ffe1-4a86-8231-18d87eec0b27
1c3e4a26-4ac6-4456-8015-d5a30c0511cd,ff18175a-bb85-4717-981f-6e5b96750a33
9d76465e-053c-4705-8677-e879d220ce55,d4583f19-835f-4e21-95d7-7e3073abecd1
1b1fa98b-7bba-4417-9a8f-24a777fab3d6,a5437ee9-9fea-47ff-ab23-bec6c3dd0adb
0e772450-85bc-4646-bf80-44dac007b7c1,1a40eb79-448f-4ae8-98f2-49c03e78a7c4
eafadedb-773c-48ec-b7e4-9e34e608460e,54e06258-66e9-42e4-8ee7-d16dbf4ad2da
c1393bf7-ac6c-4340-a2bf-4ab7f8c02543,0567f903-a4f9-46d4-9df1-2513e49ad3d8
22bf45a0-c872-47c2-b2dc-5482a61f3484,f2c051d8-0f4b-40a8-8291-a95da9fe9c46
a7b9907c-0e32-4a4b-85d7-852f3c9a01db,8f06003d-fa21-4e83-90c4-5fa7de083a8e
b20fe65e-f232-4282-9e42-aaa4c5d5923a,e0e102ff-484a-4242-a0ad-a5afa06d3657
152fe13a-62c4-4bf8-ba88-0dde0eed12b9,b19bd491-7f33-4473-9788-ef88e8db8bad
4602011a-6bba-44fd-9b6a-890e89e33d25,e386a6f6-2fa9-4340-b995-caeb43b11084
af012984-e687-4867-bcb6-aa04b70c6d4b,7d62827d-6a94-4ea5-bf34-ef8d84707433
aa626983-9d47-4fdc-a4ce-9c212342c87e,66440bd5-3703-4784-a5df-999f54eda28d
06b9abca-448c-4c1e-a6c0-df65170f9b48,29bf0fd9-ffeb-46f2-80f4-ef8be762da4a
4785a0a2-3f1e-461c-ade1-8a458fa4b690,fed5d1fd-5c05-453d-80df-45dd3fc80a2c
c0cc0690-f385-49c5-9d99-3e737c97265e,79871e68-b015-4854-b984-834bdaf92ba0
af1230f8-9499-4970-8562-549e1517d9f2,e6b5ab0d-8cf3-4d43-9cf7-48477a1ef0ae
91f1a25d-e9df-4e69-96bd-cf214794f192,db52a28c-dbb0-44ec-92c7-c33b78aa41a4
c1eb148d-1658-403a-9ddb-6301f21425ed,35d4ddd3-c033-4622-a0e0-7c225d243e3c
e4fbaff7-49ff-4e60-b702-817683f5c7d4,29dcf8fc-ea78-4ab6-902c-e12f3ad43b13
cc9650c9-8662-4d20-bc25-a7a0ab113a9a,92fc5254-c324-46e0-bf7d-a2bd65ea64a8
b4258890-f4ae-45e9-8a18-abae7c69d0c4,f7e847a4-ea7f-4deb-a96b-839623d2f793
88504100-b1db-4dde-bd56-40e2fc6c8ae7,321271c0-609f-44a7-9c06-916e4eaa0158
f524c0f7-dcc2-46b8-86e6-a33e485d3788,3c13b5b3-26ca-457b-85a3-11d593bb8179
47521d84-c250-41b6-8dfa-98752cadd7a6,614b4d05-a28e-4cfd-a10a-330160895dd2
a9e1771a-87dd-4bf5-9e87-f8b847a7be95,62ff2665-dbb6-4879-b74f-c59d7c55ca1a
4b400355-faf4-46c4-997a-a78e5f680f5e,d80b8665-1201-4968-97a7-cd22685246b3
1670c6a6-4e72-4504-bc2d-68990d1576ba,beea7ae1-999e-46cc-9e7c-0e030b383532
1ab1ec98-3c8b-4a64-abd1-75d731e17372,754f1973-a324-49f6-84f2-606aff87e4ac
4a6880c6-4475-494c-904d-7752c49c6a02,d439864f-9004-4466-87a0-a5d53c14dd71
708a0603-a8ce-475c-87e4-b82a6b131cf2,8c805505-f12c-4962-b37c-9a557dfe201f
21332c0b-8ea0-4dd2-a3fc-b5f3de7cc275,c1ee4c53-97d2-4226-a7c7-142b82de625f
64ec8b76-3bfc-449a-b8da-fc8718f51b7c,9b4cc7e7-a18e-41d2-8fe6-0b6830c1ec29
1279f719-53db-4c79-95f9-5e7efda4fe83,5e231815-28c3-4013-8eaa-9d5a5555354f
475361b1-7425-4a44-92a6-670f051c5007,9c52165d-bcf1-4022-864b-8d3983802d2a
1c0bf497-6686-4229-ab73-9153eba81461,77154f98-3eba-4ade-8e31-902c4dea38b1
51a0c31f-5da9-4ff0-b1e4-099ac1f3a661,b3109a03-d887-4998-93d6-509085366aae
164bf3a8-4b63-45cf-9249-0eeb0ec3a39a,8a14b558-da46-4db1-afbd-71f6c2240800
3c510d37-ddef-4a8a-b01a-626b02f35502,896ae850-7822-4b64-af26-78f722c7e7ab
13db8fc0-a577-41dd-8c17-b7817a52eb51,998a79b4-2f54-4548-8bba-dc9a3aa55eec
6e000645-5fc5-4732-8525-bf1af5014ca0,50b37bfb-c4fe-4351-9e77-a4fa3b9fccfb
47c6ac9c-dd16-4379-a36b-6656bdd9c7f5,55df55f5-c34a-4053-9757-6bfd5cea38e5
8a7fced4-490e-43ad-89d7-0af719ab9d5a,af314a68-6ab5-4851-ab00-ce700b5606ab
dbcf7f02-dfda-491f-9e0c-738659e75078,9c9d6faa-85b5-4f55-b096-7ab3a6f400cc
41f4dd13-eda7-4f66-ab32-25e368cfd30f,04b21b10-8400-4b52-90e0-74872f1b0710
9e1a717e-4414-42ac-bf6b-2b7644c51525,c675c9b7-9417-459a-9f89-baba505008f5
a3acfb2a-6e11-48df-8a15-84959e34dc7d,dd9243fa-8747-4741-bf74-7918674d611a
bdde0249-bbe2-4c09-b222-674d24f67675,5e111d3f-5849-4694-8fe8-d94a93274ccd
89d10314-9b98-41bf-bbf8-79a71eb72f08,6885352d-c180-4f51-a6df-4b87afe4b154
bc3e854d-ffac-415e-a763-83f63416b5d3,e7920df9-680d-48cc-8f77-33a9f51932c3
ba47850f-c1c3-42a4-8ff7-9cac295487f5,279ec71b-73fc-4715-bc92-1079f1ff7ad4
eea1ab0b-e860-47d0-8bfb-ec4ed55bbb4d,79e2f00e-ead3-42e1-8d0e-25aefa289259
49079407-b459-416d-9cc9-e192b1e45188,be945123-859d-43c5-ab62-6a391fd1c70e
d2b5aa47-c7dd-477f-b63f-c77345742cbf,0daaf92e-33a3-4345-bdf7-f38242ac4116
c0cc0690-f385-49c5-9d99-3e737c97265e,09546180-1efd-43a4-b072-9ea3a68b3989
63175ece-984f-46ff-bca4-9cc68bbbb592,3339caa9-950b-41bf-906d-3fd54592df81
4b8e8f8b-c4b9-480d-956c-fdd3d37cf766,b6a10c66-f716-413f-8743-9754fcffdfb2
039eaf2e-ef53-4324-80e7-f1433d442291,76f66234-41b1-4f45-9f55-68d9624532db
fe5c43e0-8607-4ff7-9509-4f6e073b9830,8f06003d-fa21-4e83-90c4-5fa7de083a8e
c9fc5fdd-8ecb-4fa9-9f02-88656bcc614f,54eed70e-656c-4720-bd64-d0c916f160ea
2786b083-ef8a-4034-a182-e2f12cba67ef,782c976c-0559-4cf0-b012-00f21167cb56
2b654982-278c-496c-bdaf-b17c021ac7ce,b6f57b08-627c-4b27-9501-7c110f17da61
65ba73c3-d499-4639-bb07-97e2b1202fb0,f970a81e-bf79-49f6-991e-340decd56125
6cdb5a5c-377e-44ca-ae79-a0e1b32f0154,9b4cc7e7-a18e-41d2-8fe6-0b6830c1ec29
57f5bd83-3f67-47b9-85f8-29bd0ebffb81,70a34130-b945-4ae4-90f1-fd7c81869353
e0f97908-750b-4bec-a875-ba8791f2ec73,ccd61f7e-7d47-46de-b664-0ce15a44e265
d41fe03a-0769-4f2d-8b9e-3d004937c9a1,cc61f25d-a2cd-4a5c-b3c6-e2c2d971f293
10b5138c-0b63-4d8e-865a-4770ae4af8b7,aa52a3b2-53a0-42b9-be21-fdfa4b3d044b
d3fa6330-410c-4e27-bae0-2cebcba9e72e,f27aa9a9-41ab-4082-bd50-a968d1687296
142d9a2b-4ea3-48d2-bf91-96bde65035cf,38aabbc5-7ba6-405f-b1a2-9001ae367b20
a8c542cf-fd40-43e1-a058-db98ae3d23b2,306827c1-8bd6-4d87-8b1d-41e4d80a638a
d352b2a2-f988-4741-92f7-e779eea566ab,621fd612-93bf-4659-b6d7-9ed6dcae618f
eb2484c3-a6d5-4a9f-bfeb-1ce42d1197cf,7bc4441c-c0d5-45b4-a508-078445d1cfe4
6fc61bd0-035a-4c8d-8742-a7c28b3e8318,696facd5-8a32-4c4a-951e-8f9e7e1474b1
dfb192b9-883f-4170-baf1-1ad3872cef3b,9ecc8031-6cbc-4653-b250-3d20aaf76156
01c2dbb3-e273-4072-9494-62d548143c89,09e2b706-c421-475f-832b-c1c3d038815c
3d560069-281d-4fb8-91cc-eef915d146e7,8ec6c26d-95d5-4e06-91fb-2654bd260617
70228d9e-6fa4-4389-a100-585fc8fe1350,c1fe869a-4d35-43a7-87e8-4b9ea4f2e566
091640c9-8edf-48ff-a4a5-bd7f3da2f70d,64a55e4e-f5ba-41df-83c0-c58d189aeee3
76937013-5da3-4cba-a98d-b50641de850a,c96f68a8-9915-4310-b52f-76207b867bdf
bfde8aa6-39db-436d-b174-82836fc23c73,ee352b4b-bc03-4d4a-adb4-64a7cb078bb1
90009982-1042-429d-84a9-6e2438635dc9,39e31ba0-c9cd-4958-b0b8-e22cd421997a
01c61a97-a881-4542-9ee4-19b97d6412f4,b6b238e1-a0f2-4135-912d-ec89ced676ba
1b6821d8-5210-46a9-99ab-90f0d24d755f,c2439537-3ce6-41dc-afe9-12faac37f963
c12d469d-2ea0-4b8d-b2e6-d307ad02065f,aeb7055e-4603-491f-8b97-91da81ebbf94
58bc6b28-0fb2-4920-be9f-850e9fce80ae,7e0c5cd0-523c-43ae-87e9-6446bc58aeed
2f7f7574-63ac-4abd-aee8-5ae37794aa85,5e111d3f-5849-4694-8fe8-d94a93274ccd
c26767ec-362f-4994-a76e-2cbd2e7b8345,8a1320f0-caf7-45c5-ae74-fd8bc1d4db19
1b4b7667-2a2d-47d3-8a8f-30c64d72de18,c1f24c92-f9d0-44bf-86e0-7e081559cd1b
191846a2-0018-41f7-889e-2ce5bd7a768d,cbdf120c-f100-4cd3-b7e2-14e5e32ddfea
77d1ca88-80ef-42c5-a77a-b8db40a0e7a7,3d0cfbd3-a7b5-4456-a8b0-fc243a88f3c5
3990036d-e6cb-4525-834e-6a136fe484e9,ad7a7916-e922-44d4-ba4f-5d10a877b923
1cc075b7-324a-4dfe-a3cf-4d98143a3d1e,4fdbaa86-e733-45e5-a349-ff175d02e8ac
ae921ce8-2b4e-4a86-96ad-bf380ba3f33d,fc0fe84c-b646-4e8a-bc4f-4a9770fc2b44
d004b078-8b06-4563-9c50-997fcecd645d,d42b025a-df9a-43c7-94e9-b948ab887054
430a92a1-d398-4069-ab64-770012422314,c9baeaec-da3a-465c-a05e-b3a74eb18107
e0e8090a-2418-48cc-8b09-72da120395c4,820ee703-ca7d-4d8d-b754-51d675e4d9dd
0e772450-85bc-4646-bf80-44dac007b7c1,bba63c2f-5556-4c48-accf-1f60b1df804f
5bb8d6f2-6e1d-459a-b593-768e8b27485b,66243d3c-db9a-49d6-a671-23d126a3734e
1fb31b48-25d9-487d-83f8-b3b748463b51,14a666a7-6cb2-445b-b6a4-3d127736ecfb
89d10314-9b98-41bf-bbf8-79a71eb72f08,e242c79b-89bc-4629-abe0-caf37dcad4ff
24c73887-dcc1-43b9-8882-fec3a3899bfb,321271c0-609f-44a7-9c06-916e4eaa0158
ce6ac58e-0825-4dee-a98f-0d9f196e85ae,c719aa4a-1e0b-42f1-8883-9e96faa8c2da
33754241-df24-4956-901e-4195e8f172a9,498f0198-72f4-4beb-b219-e534e437659e
6e1366d5-2744-4e54-abaa-1bbb1f67bfbf,fc0fe84c-b646-4e8a-bc4f-4a9770fc2b44
5ddff406-a2c0-460c-8a9c-66ee86057b73,c3b3f3f8-a74b-4159-98fc-8c7a4461cdb6
da032623-5e12-428f-bad5-69dd3d056383,50aa4572-afe8-44fa-8389-dc2d78da8c4b
8d20b1aa-ad6d-4ac3-a399-adea1c36875d,3c13b5b3-26ca-457b-85a3-11d593bb8179
bacfc5e2-b06f-4c61-8239-8ba41597ed53,196f2281-3232-42bd-aeee-d3987b0ac9c7
e4fbaff7-49ff-4e60-b702-817683f5c7d4,c1ee4c53-97d2-4226-a7c7-142b82de625f
57e41315-6472-449d-9cac-ffe54fd701aa,558212f6-54f3-4b2a-9ea1-0392fe711c7a
d45ffd97-2ff6-41da-bdb2-f8369617acdc,18bb4efa-0fd3-4868-967b-8208fe6e015c
c8057616-185f-4c4c-bc31-777841fd782b,374ff2a3-5604-42b7-b227-7486b16ae945
142d9a2b-4ea3-48d2-bf91-96bde65035cf,9dad4a96-8a0b-4e6f-92bd-e3fa68600d5d
c3446eae-e9d1-47b3-b22b-be67e6025d10,50aa4572-afe8-44fa-8389-dc2d78da8c4b
f8878d00-b601-486d-9530-cc64c41d68d2,9d64a768-c1b7-40b2-8242-44abcbf8808f
bf15b1b2-8f21-4304-882e-f51de36b10b0,d7002b67-5765-4938-b052-0c31918c5abe
4a240f91-0a52-43be-a93e-5ae2f008708a,80a65f5f-2c5d-44f3-9f59-e07b3ecc804a
7b8954d1-82a9-403e-b7dd-2486c480da7d,abf6dfc2-b54e-4a46-84e4-eca2d15deea0
dfb170bb-3ff7-4610-b8bc-8250a9f16a57,d8f3496f-dfc4-44f8-b885-e3c31302c855
fb5b7fde-930c-4a00-82de-beb4ae246bb2,c1fe869a-4d35-43a7-87e8-4b9ea4f2e566
1c9c8a37-a263-45f2-96b6-c81c2a424c31,96e0e0c8-04d5-4589-b7a4-db5aa0b4aa8b
d9f73754-6624-435c-afb3-c11ba2272c5c,0a208e91-b0ca-4817-bbd5-9228749384e4
b962fc87-9708-4c24-b690-9e21b1641866,32793e6f-fa17-4531-93ee-3f87e0d6fdc1
67df52c3-53be-4999-b1e2-6f77c6bf30dd,b33af0f5-eb62-4a16-be30-68cd3dd48ec5
96f04d17-a71d-427c-94c6-ff2fdc840cec,204f108f-9d42-4695-8ab0-a2bdd22c8902
dac60e90-7ff9-4efb-a46a-9b0f9a669761,57cabf37-3d7f-4e71-af55-1a6139d9cfbd
3291d947-0000-45d7-9d8d-e4ba88b1d854,4119c924-bfca-4892-99da-004547c2db43
fee2eff5-7571-430c-83e6-7178ddfcc7dc,dd7b6f1c-ca09-468c-a065-ff4103ff872d
984947ee-7154-4c01-b6cd-02c9ed7c82e4,603088e2-3626-4390-acb6-286ac63a673b
86fba2d4-8752-4f23-81ae-13658371935f,f27aa9a9-41ab-4082-bd50-a968d1687296
c0938aba-77ed-4ba2-b166-d644a2fd000e,c73dedb3-ceb7-40eb-adba-77e76a7b1d3c
2384a903-ee05-4133-8ecc-1fd84deffdd2,9028b1a4-34a9-47ca-8139-ee710eb66502
9397fa2a-ca44-47ed-a025-1047f6ab13c8,d40dea4e-c30e-4a2e-80fa-d1af294a30c6
c3a5a8ec-9c20-4de2-a3ae-01d45754e0d5,7318e11a-f54a-4e77-83e5-7de12779806b
f21c9fac-be3b-4e97-a4d3-87e0c3a26127,44567df3-03a0-4755-9840-505b0391a32d
65d1fa56-a31f-43d9-9fa4-0639f246e4cd,40ec7172-f69d-4eaf-b9eb-beaf93bcfb9e
8eb113e0-4a35-4d1b-a06a-ce8ae8f4d868,be03a30a-400b-4a61-8fcc-cb1ad4cae150
b7de884e-cb83-49ac-8456-020eddc36a69,cd3bb32a-44ec-4e09-9d93-1524fa66885c
bdde0249-bbe2-4c09-b222-674d24f67675,0f017211-5138-48ae-bc06-b46b85e1bf32
a772a057-2803-4993-94b9-ccb8bc91f0ac,c56609fb-5826-458b-8afc-650d33595831
1ab1ec98-3c8b-4a64-abd1-75d731e17372,d582b0d7-1821-48e2-8b1c-379de79d2ed6
12cef227-6cad-4de8-b55a-a48ef2d84667,f07963c2-c979-47ad-8a5b-a9c9daaa355f
6fad1f0f-15f9-4a4c-8add-344c3aad945f,c5cb55bc-ff87-45b9-b834-0f4ace1e3e1a
d54463d5-0eea-41f7-ab33-9b627f500292,48453762-ca6b-4f0a-a36e-0016ca1b0dc1
ec14f8be-f47d-42a7-bfe1-ca54f207612f,5a8e6262-5680-4e2a-95e0-7bc6b1fe16f2
abcca82b-4f0f-427e-9444-eb2bb4974c8d,8dffa45a-eddd-4edc-9836-01f031dbb1b5
5ac99ed5-f229-4387-8422-342eaff891cd,6a183522-8b84-4c71-a37c-645bd8258ead
d71841d3-6822-49a5-8483-c76083ce7753,15166d13-198e-4c49-8c63-3470cd39406e
054a0431-4a2a-4b89-a007-9d5a1dd3f469,b4cda61c-152e-4d79-8605-cabab79da748
2ddf946b-a16e-41bb-ac5a-647e25fd38ad,5ed66343-670b-47fb-b892-ff3518725d46
67df52c3-53be-4999-b1e2-6f77c6bf30dd,ab4ffb1e-a9a7-4f53-aac5-33f9663dd1dd
94f7a05a-be10-4710-b781-4cdac8c3ac4a,d40dea4e-c30e-4a2e-80fa-d1af294a30c6
fb82d8e1-2e03-433e-b88b-86670b46d0cd,1cbadd13-e8a5-4a9f-8bb4-758a60531ba3
8456432d-cd63-4589-83cc-4d30780973b8,3ff7879c-c68e-4aae-99c0-4baecc83ada4
9202ab07-ccb4-4e9a-90d0-d9a7f18abc75,d7a74bd3-cd3a-4882-8034-d605e1849f12
4dc39b8b-a6dc-43e8-85ad-0655d3482f70,01964104-f5be-4d04-b90f-a41013c082cc
dbcf7f02-dfda-491f-9e0c-738659e75078,ead8e3e5-7246-4626-8594-b9a77fe3273c
e18f22f9-01c7-41a7-a775-45e3ed468918,555178e3-ffde-40e6-8e6f-a9fb66d35598
2786b083-ef8a-4034-a182-e2f12cba67ef,50c7f124-e329-4344-81bc-e8588bcd7a3b
61174f9f-a040-41ee-8a2e-853f5254c623,9b4cc7e7-a18e-41d2-8fe6-0b6830c1ec29
d4bf4bdb-b065-4b1d-b69f-2b556cbc2107,e9ec06ea-e0b2-437d-9c5a-f31f6022b51e
38c62f3b-28b4-41aa-8a18-af6288266cdc,eea43eb1-2cb8-4de5-890b-d77118ac4c6f
97ec0a48-fbc8-4fb7-aac3-837bde7011c8,3e4611e3-3d35-405f-bef6-fb06f9c89ea9
8c60085f-48db-4afe-9f8b-8036bf8c3eaf,90c383dc-ec3d-4a0c-8bb2-5ed43cbf9557
fd1297b5-a719-4db0-a0e9-529081159a62,9b4a783c-959f-4b81-aba8-166257fbe1f2
be4ff7ec-f129-4a91-b6b1-fe8e207dabf6,bceb1e78-56f5-42b6-a1ba-09375dbe30b9
fe5c43e0-8607-4ff7-9509-4f6e073b9830,30d83e2e-64f8-4729-a46b-d61e6bfb6d40
1cf236f2-84e9-425d-9938-6fbb08ed9842,b6a10c66-f716-413f-8743-9754fcffdfb2
b4fd57e4-d661-4370-952a-8a104385a31e,890432c7-8e9b-40eb-9d8d-b6b4f6bb4242
b6a366c2-0aa2-4fb2-82cb-d1958b8d7b76,306827c1-8bd6-4d87-8b1d-41e4d80a638a
8a41f109-cabc-4b6f-83ba-67423d66a355,bef1599b-2a79-4815-a308-5291b91c037f
5a2e9a2b-5717-410f-90d2-2346b4aab170,1ab99338-d537-43ab-a078-9ceaa82f6717
a7343d0b-db8c-4b85-abba-b62407c6afa5,498f0198-72f4-4beb-b219-e534e437659e
5097d19e-6253-45e3-a594-aa0484cc9e29,7208465d-21a0-483a-94e4-1931df324286
0313c681-bbfd-40ee-9881-2a2bf12612ae,d42b025a-df9a-43c7-94e9-b948ab887054
e6d82d56-f9ea-49a8-9723-ccd127982399,e468e935-2cfc-4b1b-b83d-8286140178c5
24b8825e-671b-4229-b45a-008a5a2d84ab,ab6fbc91-e7b4-4c71-a3ee-13a347deb19d
e0e8090a-2418-48cc-8b09-72da120395c4,2dfd1120-82e2-4699-8e14-637a5a431429
39e56431-fc12-4066-a119-660a9f312c2e,54b2d5eb-de6b-401a-ba4d-5bf0b70366b9
c5fdd175-a45d-42c8-88a6-182faca27c5d,c1fe869a-4d35-43a7-87e8-4b9ea4f2e566
55ca26f3-3b4a-4b70-8d0d-4dcab3bb900d,b079a627-afdb-4889-829f-db5c02cc6962
4d4bc56d-98be-492d-8bbf-800619aa8106,60f7d888-120d-458e-9f2c-147d4996ede7
24c17083-eead-40bb-800d-602b77f9b397,0c0dbbe2-f450-4899-ae88-3540e498e5b1
1cefd3c8-df2c-4639-97b1-78eb89da11b5,99b9a2f9-6141-4ce9-9d01-b2078fd18c62
430a92a1-d398-4069-ab64-770012422314,b3109a03-d887-4998-93d6-509085366aae
e9ee1649-79bc-4699-8fdf-7c1aa40b93c5,96f96995-3656-4e6d-b617-f6160e477ebf
dd1bf080-41aa-4afb-8846-97152ef3542b,0cccb464-bbd8-483f-a55c-b51999f6379e
1770eec9-1e79-40e4-84ae-c8ee262142c6,8c805505-f12c-4962-b37c-9a557dfe201f
2a6bd9ce-8fb4-45c1-a747-e0e3ce43e234,c1431e34-c073-462f-8376-5f101e2b3194
0e772450-85bc-4646-bf80-44dac007b7c1,6e258dea-b8b2-48dc-8197-763a37cc09b7
e4fd94b4-cc50-4d1d-b3bc-275dee43b42a,bba63c2f-5556-4c48-accf-1f60b1df804f
5b027f93-e1dc-45bc-a225-dc397ff3a043,8062fc7c-a681-4526-ab86-6fd07ba70607
438e95bf-88b6-4656-b5d1-dd85b12d3220,55df55f5-c34a-4053-9757-6bfd5cea38e5
7b4c6904-5115-4839-b484-cd8940a6e5c0,e7920df9-680d-48cc-8f77-33a9f51932c3
bddbf96c-2688-445e-8659-9bfb98bc147f,6b54be60-cd77-4cf6-8fbd-23f11fc076d4
b0bf4dfe-1cf5-41ad-85f4-7e3806d4d3ab,258f9c6e-8f82-4d9c-9c84-423e62f5c26b
c9ebf0ae-9152-4c2c-90a6-ffde0f3adcc9,feb488ca-761e-489e-ab24-cea422d9fceb
c0cc0690-f385-49c5-9d99-3e737c97265e,89c8549b-cc64-4bcd-9ef4-05535d436989
cec0f58e-238d-4d27-9625-0dd808ac77be,04b21b10-8400-4b52-90e0-74872f1b0710
914221e7-91cb-4a12-a736-cf7f8425ddbb,8efda752-1ac9-4b33-a2d0-2240c3ba2460
eb2484c3-a6d5-4a9f-bfeb-1ce42d1197cf,3a6b2db3-bd14-45fd-8ace-693b8980f7de
67c02247-86f3-4817-8f04-1bd004179cf4,b7a28834-a483-4a33-8ef1-7e44447b1d57
1273456f-b3a7-49d5-8a67-b3d55ca55f48,5ba500e6-05fb-4d8f-8d3a-96cf069148f1
70647f43-519f-471c-87f5-069bbb3b79ab,196f2281-3232-42bd-aeee-d3987b0ac9c7
3d29be8a-2575-4404-a61d-673eef2deb57,cadb2124-6835-471b-8aa7-c5e73b28d4b1
47521d84-c250-41b6-8dfa-98752cadd7a6,31acf87a-5e15-452c-be0c-49a1beb8103b
33d02b30-eacf-4ab6-baab-5c6cc494936a,b20fa4fd-a762-4287-a24a-a96bcaff4164
003080cc-3e0f-4f26-bf93-ac319fbf033c,0e626d8d-52b4-4be6-9e8e-c6689f6cad79
e7384bd4-505b-40f1-915f-6cfd6de17716,dde3c04b-405b-4fc0-9dfd-cb7d73a6e324
fb82d8e1-2e03-433e-b88b-86670b46d0cd,4371894b-fd98-477f-9698-45042cd53b74
f81be660-59de-45a2-ae74-d0fd93ae680a,00428a13-c587-42b2-9b0f-2a62cb08cab3
56d803c5-26c1-4c31-a8b3-bdb4883b9f2f,34363f35-81a3-492c-a1b6-3901c2e2e136
cebde442-99f9-4384-b661-28b0852e492a,743d9de5-fbcb-49a9-931f-6b4762370204
0663288a-d58d-4e4a-9a7f-4ea78121ecc0,365d740e-9928-4623-bd58-227364d4418e
105d3313-73c6-42bc-90ee-fa5ab1d41d4c,e358418c-9b08-4c7b-866e-50f3d066932d
de05117a-2535-46dc-9249-ec7a3c724fad,d3905de7-9fd7-44f3-b7e4-3109b1c0daf3
1e228421-d801-41a9-a79c-4627140a527c,e573d1dc-8372-4150-b768-260fdbc17522
ed6ca255-23e2-4492-bffd-254d838c7a88,b20c7a80-a0a0-43b7-9c0d-a0cfb0186391
386964b6-771a-4974-95a1-727a37d28ede,1d1db69f-52e7-4fbe-8bbf-0f82dfc4e960
94d1c8d6-c461-4f5b-acc4-cb673ffce693,c567a34b-42d9-43e0-abf2-fc285895d0b3
d168f3eb-dc8c-4a5a-bb87-175ca6fd4607,62ff2665-dbb6-4879-b74f-c59d7c55ca1a
1e955482-73a3-4a52-bd6f-7f693356cf17,09f1f45d-a142-41a0-98da-c9dfc4e9185a
49079407-b459-416d-9cc9-e192b1e45188,95324f1e-3155-4368-bad5-2de09fbe01aa
ae921ce8-2b4e-4a86-96ad-bf380ba3f33d,b1467efe-05b8-4e86-a4ec-19eb1977c6f3
f425eac6-ab94-47a6-9968-a93bb7001ef6,64896ca6-7dae-437e-a7d5-2ec082c8ce40
7537f7f5-9600-430f-8b3e-ff318d0f3029,f958cf50-74ad-46cd-a8c9-62369580f8d8
028fb949-fcc1-4309-8c9e-ca56a20b42a8,b24af84d-dfc4-451a-9f08-b5a81b9f97f7
24216629-0b86-471d-9d40-51e7fd6cb9c2,f715faa5-73d9-40af-89d8-3ab2d7831182
7b8954d1-82a9-403e-b7dd-2486c480da7d,f715faa5-73d9-40af-89d8-3ab2d7831182
f5551402-ce86-4d54-b988-7d60646f1ca1,f1148ac0-2e84-4892-a3be-51753778afa5
f2e7477c-f09f-455a-8662-257360aa048a,81e00ae5-0e2a-4e5c-ba18-64b1ec3b90aa
c6b537c8-ba55-4131-a6a6-0b23303d26a6,73d918d8-9b62-4137-ac96-4618f0ad5ebe
b5ef5eac-405e-4a54-9a83-7bb9ea3af10b,d236031f-8f4b-4aea-8d6d-015531c0c3c8
0b88da78-335e-44c9-9224-250d2ba90fc6,29dcf8fc-ea78-4ab6-902c-e12f3ad43b13
e444a3e4-d9bc-4cc5-9d8c-3db2955ca099,cdd41e6f-7bbf-467f-85e6-c652709b897c
219627f7-2599-4dfd-aa1c-503d8c320913,5e231815-28c3-4013-8eaa-9d5a5555354f
a4d142db-7b7e-496c-be40-e95e975ca895,11a12e19-29aa-4008-a70b-0862c61d338f
76937013-5da3-4cba-a98d-b50641de850a,fa3eba07-44a9-49a7-b7c5-93a2e69977ee
62ffa30f-78af-4fda-b8f3-c960d30a5bf1,432f0130-628b-47e6-89dc-e15e5b858957
4f0edd3a-32ac-4b2e-a28c-1c877301dde4,1ff9b791-dea2-4c8a-883d-d708ae7a1ec2
dc6017b2-5c26-4afc-9c1e-63644dc19f74,694a0ab6-eed9-4778-8bff-1d7873799e00
9dbadda0-2c7e-411c-882c-911cb9862cfc,d49ae5a1-fc72-4972-b0d8-0ae8838b4fe4
039eaf2e-ef53-4324-80e7-f1433d442291,9f1df32c-5d4d-4db0-a7ff-9ee615ee94db
463e70b8-1314-451e-825e-ef950b531316,cd5fcb21-525a-4c98-84a6-3c00cebbfe77
198a76f2-e3fa-4df9-8c13-3cc6b86bc2da,4a307a9c-b9fb-4890-8ed7-5383c1cc1377
b0707429-5b3f-4d27-ac15-a141cad418ea,b2022fb4-ebbc-414a-8ad3-45773dc7a47e
89249dd3-2563-4f68-bd03-8b0b7dae7a4b,d49ae5a1-fc72-4972-b0d8-0ae8838b4fe4
dcff4524-494c-4c4b-aee9-14abe38bda4f,1d29e74c-3c47-4eb2-8848-f73efe55f9a9
6341fa66-e238-44ec-a87d-d73eced21cf3,f16d2ea5-e07d-4c56-9b42-ff2b2481f7fd
4cb17e1f-80b2-4d63-a261-9206b13cb3c3,d637bba2-5020-43bc-9dba-f89f43e2ebd5
c956cb1b-0483-49f5-863f-98a41c430c0d,a5437ee9-9fea-47ff-ab23-bec6c3dd0adb
df588be8-9561-4f4d-ba6a-4ee7ff90493f,16053b60-b2f1-41f8-b20d-4f62e255d123
9d488dd0-6e42-450d-981c-548aa79d1a04,81b2c007-b0ed-43e8-962d-d45e9c675025
c5737138-65e3-4f4f-913b-b42fb24970a0,d4583f19-835f-4e21-95d7-7e3073abecd1
42cea986-8fb4-48a0-81d3-e63b9bc1dbe6,978eeb19-fa96-4b36-82e5-58b8672e8752
edc5b8b0-e7ac-4217-860b-e0344b18859e,5ae779ba-ea2b-494a-9788-a43d700a4c8c
e3bbc90d-f862-472f-b391-8e3bc5997c04,374ff2a3-5604-42b7-b227-7486b16ae945
7371f9d3-354d-40f1-bb5a-8e1f410f13de,12afecb5-06b0-4ed1-be14-96480e5a536a
79a096de-93d6-425c-b5c3-a7d57f463b8b,186e90f1-9fc4-4a2c-bb91-b1aee1e792c5
7537f7f5-9600-430f-8b3e-ff318d0f3029,c675c9b7-9417-459a-9f89-baba505008f5
5b6b72bb-c794-4e10-ab84-b9bb6f65ee9c,e6b5ab0d-8cf3-4d43-9cf7-48477a1ef0ae
d2b5aa47-c7dd-477f-b63f-c77345742cbf,c1f24c92-f9d0-44bf-86e0-7e081559cd1b
7edfcae4-a04f-4914-a255-a801bbd97542,6f872f44-5aed-4207-87db-f3ed11e7d29f
f2815220-07ec-4c27-bdcf-2e00214c9542,6b323cf2-fbd3-42ac-902f-182e7aa870f5
c9fc5fdd-8ecb-4fa9-9f02-88656bcc614f,c9baeaec-da3a-465c-a05e-b3a74eb18107
a6102a3e-2237-4f02-b7cf-69f644ac41e9,089094a5-2c54-46f6-95d1-c507e1a0d89c
f296785c-2146-434f-bc40-0cd26a739b1f,9e4b3cae-bd8c-47ba-af75-929b0bfc2640
691c08e3-9e31-4b85-9fb7-9458c348df77,1cd8beea-1e20-4341-935f-c1680df3ec54
b76d818c-3682-4382-b7e4-20028f572fe5,2379fa3b-551f-4899-86ac-ea3e9efae231
8bb26dd4-4e2f-4329-abbb-eadaaf78459c,4a307a9c-b9fb-4890-8ed7-5383c1cc1377
ce1242a8-ac54-4069-ba1d-cc25bc435b6e,6fb229b5-f90e-4d98-8ff7-579dfec9d1db
7a5fa394-66c6-48da-bba6-8a4c5e0f6fb5,b811347c-41ca-4c51-9bd5-5eca188521ac
e7609e18-e5a4-4341-9938-cefc2d7a39c1,b7d06498-b4a1-4617-980b-5f45887113fe
fc1ef6ce-96d0-46e0-9adf-af2e88ca3f83,cd5fcb21-525a-4c98-84a6-3c00cebbfe77
f4a78c06-be40-4b24-90a0-0cd0a2e487aa,bba642cb-c11a-42dc-9a0e-2b0039cd029b
f524c0f7-dcc2-46b8-86e6-a33e485d3788,d0cf57c9-7a07-4029-9b5a-15b047cef1b7
90009982-1042-429d-84a9-6e2438635dc9,1cd8beea-1e20-4341-935f-c1680df3ec54
8d9509d8-c658-48fa-a48e-14beb154a513,4aca4d8a-099d-457e-b2af-f41bb72662d0
af4a7385-c7c5-4c0e-ac5a-3e7bad986d82,47b4bda2-14f7-4248-aad2-b5794967b6f7
755aeb1b-3f77-4150-9c5a-e72253b37cf8,c44b3879-7d84-449c-a029-08de4d46af32
891fe89c-4ef2-4513-bf1c-189dacb20dc3,8e335876-8ef5-440b-9d64-f28ca76786bf
81a73f6a-8e46-4811-ba10-ed453a4ba3e2,ec7b77e2-619b-43f9-aa0b-181f64c94409
b7de884e-cb83-49ac-8456-020eddc36a69,da6f4ae4-4b59-44fd-a85e-14b00dee1a0c
c6d8c0a8-02b7-4c84-9ec3-5dee085444c7,9caaa0ca-26a6-4091-8ddf-3b0b0d7a90f9
1c3e4a26-4ac6-4456-8015-d5a30c0511cd,70a34130-b945-4ae4-90f1-fd7c81869353
0abb9886-67ea-41e5-a4ba-0ec59c8cf85b,0c708eb1-665c-4551-b1b8-09964aa66b97
a1b9efb5-87a9-4f9d-b5fc-5fd8f29f53e2,9f76af69-4684-4956-bb54-f1f7ee031151
2a680994-dce1-40b1-a6d6-0d9f5931ca45,92fc5254-c324-46e0-bf7d-a2bd65ea64a8
a55734eb-df2d-4498-82ea-7b0c50cbce09,b57a0b05-fddd-491e-bb33-442ae89b2606
b0707429-5b3f-4d27-ac15-a141cad418ea,6a310825-99fb-4567-a5bb-16c05936a401
b15e3c67-f755-44aa-9324-9fc8fdc2533f,34363f35-81a3-492c-a1b6-3901c2e2e136
34874afb-2ce8-45bd-9892-70575de2f74c,d42b025a-df9a-43c7-94e9-b948ab887054
ff7b4169-0603-4b0c-a57b-899f1dc883b0,64fed187-3311-4de2-9c07-af43fd47b76d
88504100-b1db-4dde-bd56-40e2fc6c8ae7,998a79b4-2f54-4548-8bba-dc9a3aa55eec
06e2081f-f3ff-4ca4-9d66-405a36c55b6b,19e0a3bf-1b78-43f6-b769-e6eb16f7fc58
fe5c43e0-8607-4ff7-9509-4f6e073b9830,fdc4e474-b771-493d-85f2-f9e3118c25b2
eb3dd8bb-4865-44c6-a46b-b47fb9d1486d,3d0cfbd3-a7b5-4456-a8b0-fc243a88f3c5
8e7487e8-5699-4fbe-b4e4-5e928e5167a0,2dfed796-44b7-401b-8a22-8c1733653c6f
dc6017b2-5c26-4afc-9c1e-63644dc19f74,27696469-89c8-49c9-be13-7187b5a9f0f4
5ddff406-a2c0-460c-8a9c-66ee86057b73,fcdfab22-97a2-4a5f-84af-8dadbb99315a
ae750c95-f3db-4b7f-89d2-529038a31bb4,39f3e05a-feeb-4355-bbe5-05ab142b6569
03dc80aa-b37d-4c26-816c-b1d4ea86b447,6e502f2e-e784-4b85-b538-0efed5548ec4
2a680994-dce1-40b1-a6d6-0d9f5931ca45,e823a6e5-7b17-467e-847f-94290dd1e4bf
55ca26f3-3b4a-4b70-8d0d-4dcab3bb900d,4aca4d8a-099d-457e-b2af-f41bb72662d0
2182892c-8b98-4d27-a22b-fe771bbf3199,516c285b-fa83-49ad-812e-7dec9d9ea871
848e1657-b744-4628-a3e7-eb05ea4bb457,91969a4f-5bf3-478c-9161-e05923bb89f1
85681f0c-2c08-4b45-9eca-4d64775f3a05,7cf403a4-b78f-41c3-b1be-f5035784e0ba
ddd36f62-1c6f-4ebb-b4e4-d654c640c548,2bdbadd7-6e08-47e4-aded-f0d41d16da37
8b454da7-af04-41ff-a0c0-f77156992a8b,c30d07da-8215-40bf-868a-1e7100321b16
cfc8fdd9-f869-4870-b4e4-941196a690a9,a5485431-ffb6-423f-871f-eab8375eca41
6e1366d5-2744-4e54-abaa-1bbb1f67bfbf,60f7d888-120d-458e-9f2c-147d4996ede7
77d1ca88-80ef-42c5-a77a-b8db40a0e7a7,cd3bb32a-44ec-4e09-9d93-1524fa66885c
417efea3-9008-4f5c-8c50-c6d2edcb8969,43640bcf-0f39-4861-bc15-b397eae328d0
dc7f892a-880c-4995-9132-44ebe37fd807,54b2d5eb-de6b-401a-ba4d-5bf0b70366b9
88bde5ed-772e-4075-95bd-c2d996d05ce4,c80ee635-e74d-45f8-b52b-00998024c9d9
0ce037c5-b606-4ff5-9cae-204556c2dacd,e1e40d3c-a561-40b3-9827-849eaf08f2d8
12cef227-6cad-4de8-b55a-a48ef2d84667,beea7ae1-999e-46cc-9e7c-0e030b383532
ec14f8be-f47d-42a7-bfe1-ca54f207612f,12afecb5-06b0-4ed1-be14-96480e5a536a
56d803c5-26c1-4c31-a8b3-bdb4883b9f2f,ec7b77e2-619b-43f9-aa0b-181f64c94409
9e1a717e-4414-42ac-bf6b-2b7644c51525,7a0f1090-f2f1-44de-ab1b-23dba78eb93c
1c3e4a26-4ac6-4456-8015-d5a30c0511cd,b9ef4ca5-eb0f-4ca5-a4ef-556b952ab7e0
4d2f1f1a-6380-4d08-8322-89baed4b83cc,3575361d-e0a0-45fe-9646-faa23fc8d973
da0b0031-7335-4f8f-974e-975fe2cd94c5,c0212a04-dbfc-4f7f-a404-f8124794422a
27f88eba-eb8e-47ad-90ee-794fc5619058,782c976c-0559-4cf0-b012-00f21167cb56
a92c5916-77ac-4e0d-9bd9-8f5f01160af5,54af7436-75d1-4c68-a096-ba74aad7214d
5cadcf73-6c79-4f02-a3da-69b4572ecd37,c43e81ca-09ac-4dd2-885d-ccc371104504
3dd038a3-4a64-4c68-a275-a4fe9c731e09,bba63c2f-5556-4c48-accf-1f60b1df804f
8c0e205a-22fd-45e8-935a-ebb1d231e56d,17540d90-b75c-4efc-b13b-fb2e34713f5b
44a46e3d-9021-49f6-8ffe-50f659aba830,a5bd61d7-31d0-4da8-875b-c74426c7fc4d
9f99f184-c4cc-40ab-99b0-ea530bb21fc7,d925fb12-7442-4b74-ae57-27daa2fe1c25
65f8d059-7904-46fb-9a53-6f4a99d6eab1,43640bcf-0f39-4861-bc15-b397eae328d0
6341fa66-e238-44ec-a87d-d73eced21cf3,5fa40549-1eb2-43b0-8102-cc1a9da30df4
7b927122-6c0d-45dd-90d6-3aa34a80bf4e,4a58c45e-4681-4e6d-a0af-ff5b4629bfc9
18ed4b4e-6951-49da-be25-38093e40d4ac,6634f7d5-9373-4eb1-b2cc-27b9732e2ac2
d72830bd-d8dc-494d-86a7-b5db55b4565f,616be75c-232c-4ba3-aa87-f28ca6a1e810
e6d82d56-f9ea-49a8-9723-ccd127982399,b20fa4fd-a762-4287-a24a-a96bcaff4164
ecfcfbf3-58c3-417d-a64a-60bc64c29f3a,d5fc7314-cbd2-405b-8d84-3e3072b6fd08
4799fea1-64fd-4d17-90c3-32faf4cd6e4c,e8bae221-f9f3-4f90-bdd4-43b6a50ca102
06e2081f-f3ff-4ca4-9d66-405a36c55b6b,728dfc94-d24a-44e8-8b0a-ebf15b5e235f
1c0bf497-6686-4229-ab73-9153eba81461,a3a76070-102e-45be-a1fc-8073cd053e5c
b0211604-014e-4ec1-b5bf-6c431a71bd11,9cc7196d-1c52-438d-953a-dd269bf4886f
10ee7612-7945-41ad-8803-ee1e71f67f58,59cc133d-1f6e-4c0e-97da-9b91707f69b1
24c17083-eead-40bb-800d-602b77f9b397,5ae779ba-ea2b-494a-9788-a43d700a4c8c
0be9a46d-97d2-42c4-afd0-8854a5f200e3,4eb94704-0aba-4652-9d89-8b0ed09c9bee
80c55aa4-dc68-49c2-84d2-791eeafa255e,cbdf120c-f100-4cd3-b7e2-14e5e32ddfea
4f824edf-545c-4f03-ace3-bab8db7697d1,b20fa4fd-a762-4287-a24a-a96bcaff4164
9aedfcc2-c005-40ab-ad7a-85470a448320,651c9234-623c-47ea-804a-910e57b96623
33ad08d5-92c5-4340-b42c-80a531fe7887,cd9af4c9-a297-4d5f-abf8-d83c05ff761a
6fd01e80-ac04-4fa8-b488-f8b03221304b,67ccfbf9-fd11-4757-ad4c-24db08f38d3c
be4ff7ec-f129-4a91-b6b1-fe8e207dabf6,4aca4d8a-099d-457e-b2af-f41bb72662d0
ee62b307-5bc4-4364-a27f-3acc6a7bcc25,374ff2a3-5604-42b7-b227-7486b16ae945
c6ef43c9-986b-48f4-bfe5-62343484e49d,56c28c73-48bd-4197-9a4b-f369640d774d
848e1657-b744-4628-a3e7-eb05ea4bb457,41b78970-bc8a-46a7-9776-15efeb6292ba
27ca4a4d-0edf-495d-92eb-36c6efa4ac02,eea43eb1-2cb8-4de5-890b-d77118ac4c6f
2c844edf-2bd7-44f2-83c7-64f75afed81c,949d1034-3263-4aa6-8585-6b9e1648708c
88504100-b1db-4dde-bd56-40e2fc6c8ae7,9ff2023a-1829-4926-b748-e49c33a754f8
e9307a8a-74ed-461a-9c9d-91bfa18d9b75,089094a5-2c54-46f6-95d1-c507e1a0d89c
68bef69b-ed55-4c51-9b92-76fd2bfd4967,1209c125-7244-49c7-9dfc-f94f01e8ac46
854635a5-dbd2-4479-b66b-1d14e287f39e,2c263bd7-ce15-4c3a-9698-db42445b740c
66d8c9fe-b77f-4ba5-a21c-da9e9486c87d,5f2aa447-74a5-4a3e-a9a2-6de79a6314db
37ed14f6-d0ef-48ea-98fd-7ebf313b9f9a,a9857e43-6b55-4146-9d61-eb2df7ae00ae
32bed706-b66d-4ed5-812b-d99f9415e586,ed55ad2e-0814-4401-b6fd-68b01c0b4a05
419199b1-6a9e-4146-a03b-a691fe376931,da6f4ae4-4b59-44fd-a85e-14b00dee1a0c
a6597ab0-e4b5-4081-a8fd-603d5c026500,b9d560e8-aeba-407c-b904-0e6110f139b2
ce415660-9895-48d7-bbc7-5153177b381d,c736f0a1-9a6a-4695-9994-f1220f73a5bc
f529dcce-9853-4a5b-a928-cd8dfc85f596,c719aa4a-1e0b-42f1-8883-9e96faa8c2da
53eda66b-9d09-4e48-8aa5-841b9781e8c4,d0ac5bbd-03b4-4441-8d56-3cf77c407dc6
191846a2-0018-41f7-889e-2ce5bd7a768d,f3070cb8-1dba-4f59-a950-43f55cf772af
987405a6-d311-40fd-94af-df1d7912028a,b3e53109-392b-438f-adea-3952420caac6
1bf920a7-81e6-4699-9f1f-3634fbacc5de,dd7b6f1c-ca09-468c-a065-ff4103ff872d
6333904b-b783-4991-8f1b-070bb79aca65,016b1d25-311e-4ab7-af67-c4606c0d52e6
b1b71d73-8dec-45e1-acc9-76ae6f301084,432f0130-628b-47e6-89dc-e15e5b858957
56d803c5-26c1-4c31-a8b3-bdb4883b9f2f,40ec7172-f69d-4eaf-b9eb-beaf93bcfb9e
5398640c-fd7b-4753-a636-7be826010f1b,98fc9930-22bd-4693-8ef7-d142642eaf2e
9d488dd0-6e42-450d-981c-548aa79d1a04,f3d0579f-b89c-47cb-8050-cc4bfafa4993
821d0864-49f5-440c-bcb5-b61a972e5cb4,ba8699d0-acf8-4f0f-979c-8198199ec613
9dcf5454-9c3f-4bc7-b8bf-843c0c0d573d,a1e2bd97-ea81-4acb-8971-8705b7540aeb
039eaf2e-ef53-4324-80e7-f1433d442291,eb061fe0-508a-4590-b7bc-f327a9c27815
a6043d22-d84b-4128-b3c2-8212f1c273a9,110b44c0-0667-4fa2-86ed-1cea9d3259da
6fad1f0f-15f9-4a4c-8add-344c3aad945f,5d182856-e656-47f3-9eff-dc1832ac7162
bd26b189-ea84-4ef9-96f5-0390f1ac4eff,7f19a70d-9783-4957-8ac1-3c40085cf878
49079407-b459-416d-9cc9-e192b1e45188,50fc4b19-0f09-4ea7-958a-339afee38211
7576b218-eb43-4c3a-bef1-4eca085e1ca2,241dae4d-93e2-4845-a015-eac9ada19df9
038b34c4-a0cc-4053-96c1-3d35ca4dfaf8,415e5c66-a48d-40fa-bcca-c40ee0342d7e
10a46496-cdd9-4496-9a6e-9e9cde00782e,827ac884-3c20-4bca-a1ee-0a1befd87d1d
1cefd3c8-df2c-4639-97b1-78eb89da11b5,9a817f52-53b2-4475-af11-87cfc502f5e1
5f381045-9772-45da-aa03-c933e67bdede,c96dd5d0-c861-4b53-b2a8-c3537169f3aa
31f195b0-1885-4ca7-866c-b892be4ef8f3,6e8dc79b-0748-4dbc-a393-cefa9c43f264
d086c497-fd83-4796-8336-0759957cf09f,fc62f30a-6fba-43a4-a5b2-e96be5a61859
66d8c9fe-b77f-4ba5-a21c-da9e9486c87d,38efdb0e-fd6c-4367-94bf-d20ab5a05b4f
6e2b70ac-466e-40f1-9b71-10153190f6c9,ca708490-0d24-43e8-9c1b-4fd71fe3138c
24c73887-dcc1-43b9-8882-fec3a3899bfb,b4c69e92-59b8-4398-bfe6-94d196045b59
ffe0115a-fcb8-4eaa-abaf-68a3b8ef4fa6,4fdbaa86-e733-45e5-a349-ff175d02e8ac
2dd2e344-6fef-4437-95f8-c14b8ca6620b,5702696e-009f-4c1f-a7ff-37a91eaca733
984e5a0b-32d5-4e20-bf7c-839e8c6f054e,c80ee635-e74d-45f8-b52b-00998024c9d9
3f815b09-718f-467a-9635-6ed6a730a001,0c54edd9-dc8e-4fe4-a7c1-7768f55a7a19
c170e3cc-b9a7-4baa-96eb-2d68e582439b,fb586c77-b168-4a6f-a653-b4a5bef2749b
b1b71d73-8dec-45e1-acc9-76ae6f301084,e823a6e5-7b17-467e-847f-94290dd1e4bf
193768f7-7d02-4b50-8f8b-3d331d242946,5d39956e-ff48-46ff-98d0-e5cb9dc55875
55ca26f3-3b4a-4b70-8d0d-4dcab3bb900d,b2f09dc5-214f-4c1d-88dd-b2eef4b96d57
39552404-ded8-4c09-ba92-4f782e74af44,32793e6f-fa17-4531-93ee-3f87e0d6fdc1
1bf920a7-81e6-4699-9f1f-3634fbacc5de,797bdbd7-395a-4ec1-af72-ef917bf2014f
0103a329-20b3-4507-8024-83dfce5de5ed,a9857e43-6b55-4146-9d61-eb2df7ae00ae
c0dcf005-48c5-4809-ada7-8716de6ab35d,d7d7fcb1-4281-47d9-9517-7fa0f69693b7
6cc68653-f7b2-4f17-81cf-3d564d37368e,8a886ba5-d11b-4d9e-98d7-0c4c34a89561
52b20bbf-c6be-4d06-965b-a61de6e4986e,37baed9f-d722-4c95-9c43-7fb08f1102ee
4602011a-6bba-44fd-9b6a-890e89e33d25,9dad4a96-8a0b-4e6f-92bd-e3fa68600d5d
56d803c5-26c1-4c31-a8b3-bdb4883b9f2f,4f6cf4f7-3ce4-4573-b8e2-d4b4bf6ee524
b0de72f2-dabf-4c10-a84b-35a4c1fc5b5e,92e08474-9bf7-431f-ab63-28f504217f42
1de1bfe7-142c-4c36-b2b5-c573d2b40ee7,963a340c-bfd7-4f5c-9222-320025d30b84
782590e7-d30b-4e18-a53a-f78a70b6a21f,50c7f124-e329-4344-81bc-e8588bcd7a3b
edc5b8b0-e7ac-4217-860b-e0344b18859e,bba642cb-c11a-42dc-9a0e-2b0039cd029b
9d76465e-053c-4705-8677-e879d220ce55,5fa40549-1eb2-43b0-8102-cc1a9da30df4
7d6bc4f6-9300-4561-9ba8-c52d48374af6,5eb65845-7235-4784-8ec7-c09c40c0c93b
24a1398c-0d4e-425a-a9ae-1c50f75dabb3,0e626d8d-52b4-4be6-9e8e-c6689f6cad79
e16b559a-0c3e-4a17-b435-d3a20d04d4b8,6190c1a8-8de5-43b9-9045-c6761d12dc19
a52e023b-2d85-4b30-b625-796542d927a4,18117041-9a9a-4042-9d37-d6bbbe3605f3
67df52c3-53be-4999-b1e2-6f77c6bf30dd,a9857e43-6b55-4146-9d61-eb2df7ae00ae
6d8397a5-0b75-4032-b278-94139d4487ac,16d87555-9897-4de3-b5ba-1e362576d9b3
843a830d-3655-469f-9fad-b59d8218ee5a,4eacf572-7ca7-44e4-8aba-6151ac941bd7
3f803054-921e-4596-8e82-20a096b7ad4c,4a07b555-985d-4a14-b8c1-7796e2ac226e
67c02247-86f3-4817-8f04-1bd004179cf4,3fcc40e3-0028-4cb1-a217-083526c5fdd0
f6e60d20-1262-47be-a62e-334277e2b267,50b37bfb-c4fe-4351-9e77-a4fa3b9fccfb
a1e09c00-5123-4a50-9b25-97aac4a3ea76,ffcc194f-6278-4b1f-8886-4a93cb87ac66
e0834945-d9eb-4777-8f1d-66ba6a46006e,e40ee1a1-d700-405d-b272-a14128eb6651
a971a4c1-3f10-4c01-859c-e31af888d667,0e626d8d-52b4-4be6-9e8e-c6689f6cad79
400671a4-7108-486d-97ea-d1d71a0a1a8f,f2c051d8-0f4b-40a8-8291-a95da9fe9c46
6c1641c0-f189-477f-9be5-00934536346e,e4c57050-a50f-4000-b764-2d9f2b7dbf39
1cc81c26-02dd-4280-b4d1-d88e8ba77fbb,e40ee1a1-d700-405d-b272-a14128eb6651
4065df0b-0ab2-40c3-b02b-143d8fc58271,4a307a9c-b9fb-4890-8ed7-5383c1cc1377
3cd971c5-8664-4785-803c-1cd3d2c7cdec,ab6fbc91-e7b4-4c71-a3ee-13a347deb19d
059b85f1-5ff6-4da4-a4ab-be2cf244eaad,5dc8d616-d394-43f0-8032-e1a7fd1d4024
efc42f58-01b7-406f-9c46-15711e5bd9ef,827ac884-3c20-4bca-a1ee-0a1befd87d1d
2182892c-8b98-4d27-a22b-fe771bbf3199,972fa2cd-3552-4594-9141-42b0dff2d72a
2d45ce9b-ab8c-45cf-915b-43966c4fa5b6,6a89e33b-913e-4080-98e6-64f428677ebc
b962fc87-9708-4c24-b690-9e21b1641866,bac01cd2-ddf7-49de-8956-30d461be8161
f70f332f-baf4-46eb-9c81-4c0448fb0a2a,a5bd61d7-31d0-4da8-875b-c74426c7fc4d
ae3422a6-90e3-48f5-a5e9-6b9e4647fed2,827ac884-3c20-4bca-a1ee-0a1befd87d1d
90009982-1042-429d-84a9-6e2438635dc9,60726b06-87c9-49d3-8eaf-5ac716893a1f
bc3e854d-ffac-415e-a763-83f63416b5d3,14960b24-184c-45e0-98e5-b51c0b287de7
fdbf8a39-f1fc-4055-9622-5bb392af41af,993430ce-beef-479f-9fad-520ab914a745
39a98df8-b977-41c0-9af7-f5f5dc511e00,9e9409de-bf3f-4dbb-982a-cd2ab1d68d6d
e9b452e5-1849-423f-9742-cc2b8fa83500,dd9243fa-8747-4741-bf74-7918674d611a
502c7929-a0c9-45ed-83fb-8f4a62d7fbaf,0810311a-0d6f-4afa-b617-da88802b5280
4657fe44-3cbf-48c8-9b76-aae22ae4c2bd,c2f446ad-0a80-4388-888b-025158967ff8
4f9f2d8c-c2bb-48a1-8232-54c5e7aa3342,27bf3c59-9e2f-4e81-a53a-43d27f5fba6e
88fb5425-f64f-4525-9c70-b02430b47ff3,098419ec-b3d2-4c09-a370-5baa75fb31f6
116c96c7-e353-4515-a13a-2fc58b55d762,ca281e20-f364-4266-96ec-c25d3ffbe37f
5a2e9a2b-5717-410f-90d2-2346b4aab170,27c35b48-b229-45f2-b035-8dd7621addfa
2c844edf-2bd7-44f2-83c7-64f75afed81c,5ae779ba-ea2b-494a-9788-a43d700a4c8c
086768ec-9133-4bfd-91cd-2cf438b8f5d4,62540c93-bf4e-4c20-bb13-955ff6e0199b
3da11c9c-b346-469e-a95b-481b4127c24c,225fbf8e-743e-414c-8454-f496d20c7d7b
6535aca2-eb89-4f08-a0eb-b5ed771eab3b,99b9a2f9-6141-4ce9-9d01-b2078fd18c62
2ab378ec-2fc8-4b63-8ab0-5688fe716352,3bada093-f197-4866-8864-0ee2645b9943
88504100-b1db-4dde-bd56-40e2fc6c8ae7,194084bb-1b20-4bfd-b27a-5fc9fb680eac
7ac7f2a9-6e3f-4120-99aa-d5efdd29b741,6a80b2a5-ff72-4522-82c0-dafd90a1001e
5398640c-fd7b-4753-a636-7be826010f1b,b74c3148-7cec-4b47-a413-1801c1be69b2
e6d82d56-f9ea-49a8-9723-ccd127982399,581ee926-3c5e-405f-b4a9-2e20012e4d4d
43e9452b-181f-4a98-bf62-12a48d84c3ea,9028b1a4-34a9-47ca-8139-ee710eb66502
1128fa6d-b429-413c-901d-7a7f879c05e5,4df729b2-1f30-4040-9411-723f68bd30cf
688420a9-636b-48c6-ae90-d7485f067f65,6a183522-8b84-4c71-a37c-645bd8258ead
821d0864-49f5-440c-bcb5-b61a972e5cb4,d7a74bd3-cd3a-4882-8034-d605e1849f12
eb3dd8bb-4865-44c6-a46b-b47fb9d1486d,44efea59-1aab-40b0-8b75-70dad03bb1ee
44bc6c70-b616-4b7d-9e39-15909e38041b,319cb9ce-a1c1-4d10-848f-3a2e3b8412ab
3fd88e64-f51b-433a-9d82-e2e035b31689,c736f0a1-9a6a-4695-9994-f1220f73a5bc
3fceabff-3420-4f1c-bbee-ee1a1773fa9b,4eb94704-0aba-4652-9d89-8b0ed09c9bee
4678a7ae-5729-4323-9e64-f46860f29a0a,da750a1e-4182-4b80-9553-e07daf548f2b
71e570d5-fe32-47ba-951a-efccca7e2f94,7208465d-21a0-483a-94e4-1931df324286
dfb170bb-3ff7-4610-b8bc-8250a9f16a57,972fa2cd-3552-4594-9141-42b0dff2d72a
f524c0f7-dcc2-46b8-86e6-a33e485d3788,11426ffc-f154-44cf-98cc-6772f64f9118
ba649ecb-79a8-47f6-ad8b-55fd18f331ca,e818526e-ed83-4e1f-8f2b-8bbd7409f5e6
49334332-58f4-4c80-bf99-6a8828439e58,6941b61e-f85a-4c0e-ac54-5872f2a99e9f
efca5753-8143-4347-b7fb-d81306fbbf31,8a1320f0-caf7-45c5-ae74-fd8bc1d4db19
848a9740-535f-4fcd-8ddd-bed034060c41,b90bcb3b-b43b-48a0-bf1c-b548e5c5eb43
51ee8381-cacb-4c9b-bb97-d4853685db91,614b4d05-a28e-4cfd-a10a-330160895dd2
8021d35d-62c8-430e-914d-7727e6a49c87,7370ba9d-c447-4888-945e-77e47597c0e7
f1ce5f51-0002-452d-855c-88a7a6395956,b20c7a80-a0a0-43b7-9c0d-a0cfb0186391
46d6a106-c83b-4bc7-a28c-a4e34335edb7,c16c5557-a4ef-42f3-a4ac-28be1ee79f29
4c85c4eb-09e8-4521-b060-8a91143698a3,a3bfdd2f-9fbc-49b1-af74-a0cae6bbd123
191846a2-0018-41f7-889e-2ce5bd7a768d,aee4cd24-2635-42cc-8b8a-ea4d4bb98515
9202ab07-ccb4-4e9a-90d0-d9a7f18abc75,7bc4441c-c0d5-45b4-a508-078445d1cfe4
edc5b8b0-e7ac-4217-860b-e0344b18859e,06390c1d-c940-4756-b348-7ec3042a0514
1ddd0e21-eb57-446f-a95a-f2219be0238f,d88ae68e-ca0f-4148-a4cc-3bebf33fd1b3
386184e6-f07c-47d0-8bd5-f4291bb2253b,806bf3ef-7ff5-4518-93d6-4ab44397afba
91f1a25d-e9df-4e69-96bd-cf214794f192,306827c1-8bd6-4d87-8b1d-41e4d80a638a
ae3422a6-90e3-48f5-a5e9-6b9e4647fed2,96bcdd4a-3b9c-4ebb-bc1d-f178d58a7dae
fe5c43e0-8607-4ff7-9509-4f6e073b9830,2657fde6-f2ef-4db9-8bd8-dc73fcc87e80
6cc68377-28e5-4aee-99d1-a0e1955241c8,498aa5db-6703-4ba7-966d-359b3be7e187
e0e8090a-2418-48cc-8b09-72da120395c4,704df604-2349-4819-9fc2-e4705b3311f1
08dcb0ca-d084-4cfd-9b7b-f9729bcf3725,e5d9b75b-a962-4838-9d49-28c2b7dca1af
a3acfb2a-6e11-48df-8a15-84959e34dc7d,5819e8d8-486c-4928-b0f1-95ecb5606810
a56d0923-18fb-45c8-a120-2e4d3c12cc02,62c60076-f21c-4f05-9972-90644be3487d
198a76f2-e3fa-4df9-8c13-3cc6b86bc2da,b0297bde-e0f8-4c6c-998d-680d188c4465
984947ee-7154-4c01-b6cd-02c9ed7c82e4,cfef65ae-4328-4c3f-93d2-1b901b885f86
30aeabd6-756c-497f-aaa5-2a37090eeca2,98fc9930-22bd-4693-8ef7-d142642eaf2e
40ed9557-1feb-4995-9f16-3b94821345d4,2dfed796-44b7-401b-8a22-8c1733653c6f
27010391-8ebd-4feb-99a8-46d41099faa8,fc62f30a-6fba-43a4-a5b2-e96be5a61859
38dce87a-523d-43a4-8664-f6aae4d21d37,b558c646-c397-4182-880c-a729ac4e2cd7
a6f59d3b-5a90-47c9-8300-3d5415b37117,d066d585-bb55-42ff-8a32-dca5273fda0c
dfb192b9-883f-4170-baf1-1ad3872cef3b,c3b3f3f8-a74b-4159-98fc-8c7a4461cdb6
f3e4d526-a55b-4c7b-9323-76613de3a764,3e90f2c7-f8fe-4f77-8824-3744330a5580
828f5f09-b232-41a2-8bbc-163d13af92d5,dfb34e35-a19a-4522-a7c8-ffe13b6c502c
455be6b6-a195-423f-98d4-2788ad90aa11,5721047f-1d6c-4216-95c7-3cac471f8670
914221e7-91cb-4a12-a736-cf7f8425ddbb,d66249a4-5e17-4379-9668-e1a0a474593b
b52bd13d-0c09-4a19-b4e1-21909fba94f6,e34951fa-2e5a-4a5d-a0b6-afcfc4fda1bb
fd976b70-d24f-4d2a-951e-b1740b079d01,319cb9ce-a1c1-4d10-848f-3a2e3b8412ab
3d560069-281d-4fb8-91cc-eef915d146e7,0f42cbd0-5b18-440c-83d3-917d9650da90
a697207e-1428-4846-a356-1ecc691d83be,39f3e05a-feeb-4355-bbe5-05ab142b6569
57f5bd83-3f67-47b9-85f8-29bd0ebffb81,917012a8-065a-43a9-b105-a94ea5930519
c78005bd-c80e-4392-938f-a93129cef2fb,8a1320f0-caf7-45c5-ae74-fd8bc1d4db19
142d9a2b-4ea3-48d2-bf91-96bde65035cf,9ce80466-50be-457d-aa7a-6d8ad753b30d
41f4dd13-eda7-4f66-ab32-25e368cfd30f,5ba500e6-05fb-4d8f-8d3a-96cf069148f1
1128fa6d-b429-413c-901d-7a7f879c05e5,734299d3-0a9a-48f9-81cf-5183f7168ca9
6c321088-0611-41ba-b399-a0f9efa71248,896ae850-7822-4b64-af26-78f722c7e7ab
28e3a413-f7c9-413a-90c5-5edd00f32458,1251a525-882f-49ae-851e-219273b36383
5b6b72bb-c794-4e10-ab84-b9bb6f65ee9c,18829d34-950a-438b-89e2-c3af26b737a4
0869a360-d2bb-44eb-a800-8212d0b9f4f6,6fb229b5-f90e-4d98-8ff7-579dfec9d1db
1362adc1-bde7-4e0d-9b96-b1e584477290,06390c1d-c940-4756-b348-7ec3042a0514
f29e9bce-e418-4855-8d96-8e6cb4bbd1b6,1ca5fecc-e7ca-4196-ad74-2ce6400582cd
97b070c8-93ee-4a66-b649-b995c98353eb,e66904ae-aaf4-4ac7-9a4f-679e7ae9445b
c82cf45a-3807-4997-8999-27a22e4ee66d,a8611491-826b-4c1d-b0ac-42b4871e37c9
d349a43f-17c5-4d0d-8781-cd59c66a60eb,c37e99e3-9a86-479d-b09f-17698600aeaf
bdebebbf-7fda-491e-8d6d-8aeaad9a101f,0034332c-b99e-4008-abb0-36fb2aec3d9d
70228d9e-6fa4-4389-a100-585fc8fe1350,dfe2f611-45bd-4519-b3c6-113c39ca4a78
987405a6-d311-40fd-94af-df1d7912028a,9f76af69-4684-4956-bb54-f1f7ee031151
a0e76391-58e4-4cdc-929f-5f0ba2064861,258f9c6e-8f82-4d9c-9c84-423e62f5c26b
224fc8fb-e2d5-41eb-9a04-fb3ee494eedb,29dcf8fc-ea78-4ab6-902c-e12f3ad43b13
a505442e-15e5-4b22-a499-0885f4d9747b,12afecb5-06b0-4ed1-be14-96480e5a536a
3777b097-cc13-487e-a10a-a5ca3f5a671d,8a8e1eca-efe2-4500-9ede-9d33a97b68a1
33b2c7d7-f104-4926-a37d-edd00d8ed85c,62ff2665-dbb6-4879-b74f-c59d7c55ca1a
ce6ac58e-0825-4dee-a98f-0d9f196e85ae,23594ee6-90ad-4aa2-937c-bf0eeff39a16
6b1b9281-3c17-4df7-8d30-95f05e8f6b34,b811347c-41ca-4c51-9bd5-5eca188521ac
f21c9fac-be3b-4e97-a4d3-87e0c3a26127,cefc3170-7640-4c8a-ae12-9a60ecd45560
dc560e5b-2e80-4b9a-a72f-21147e48bd8f,9b4cc7e7-a18e-41d2-8fe6-0b6830c1ec29
1c3e4a26-4ac6-4456-8015-d5a30c0511cd,11426ffc-f154-44cf-98cc-6772f64f9118
f2cd0bf8-0d3f-45e2-b39e-2941b178a172,b4cda61c-152e-4d79-8605-cabab79da748
0869a360-d2bb-44eb-a800-8212d0b9f4f6,cc36a7e1-cdef-49c6-8a98-57ab71db4210
92373f39-b21a-4750-8c90-1b9a1e579cd9,bac01cd2-ddf7-49de-8956-30d461be8161
5c81b051-f3fd-4d6e-83c3-08968a5e12ce,d40dea4e-c30e-4a2e-80fa-d1af294a30c6
1ab1ec98-3c8b-4a64-abd1-75d731e17372,6e8dc79b-0748-4dbc-a393-cefa9c43f264
db62a99a-9527-4565-8a91-69dab90ff05c,55df55f5-c34a-4053-9757-6bfd5cea38e5
b7de884e-cb83-49ac-8456-020eddc36a69,0a208e91-b0ca-4817-bbd5-9228749384e4
d2b5aa47-c7dd-477f-b63f-c77345742cbf,76eea9e7-742d-45cc-a074-27b2a5da54ec
b0fdec07-7d24-4137-9605-e3dd83509937,076bd34f-4f6d-400e-9bf5-2ab4a3ba3b1e
9dbadda0-2c7e-411c-882c-911cb9862cfc,897f9f96-baee-4f55-8e8f-a7a4a93d610f
dc6017b2-5c26-4afc-9c1e-63644dc19f74,c6ccb289-bac9-41d0-86ca-07616b245aab
2786b083-ef8a-4034-a182-e2f12cba67ef,aebd79e1-9568-427a-a13d-a5a5d3a68d12
cab10a99-544b-40d9-8565-ecf16c9ed94f,aa52a3b2-53a0-42b9-be21-fdfa4b3d044b
97ec0a48-fbc8-4fb7-aac3-837bde7011c8,5de76717-18b0-40bf-8ed3-c49ab28efc75
755aeb1b-3f77-4150-9c5a-e72253b37cf8,60726b06-87c9-49d3-8eaf-5ac716893a1f
419199b1-6a9e-4146-a03b-a691fe376931,b39f56bc-7fe0-4e4f-873f-a80a6be1fa9b
1e228421-d801-41a9-a79c-4627140a527c,d8b8ac20-7d25-40f6-a444-26a018011d41
0313c681-bbfd-40ee-9881-2a2bf12612ae,28194975-5979-4e7c-a7e0-c3e67f76eed9
77d1ca88-80ef-42c5-a77a-b8db40a0e7a7,696facd5-8a32-4c4a-951e-8f9e7e1474b1
7f297d5a-c947-4b9a-956d-3c67cb06c476,155aa19d-1c9d-4a63-a36a-c6be58de953f
ac66a886-2144-4189-8578-ee9c00b3db6f,b811347c-41ca-4c51-9bd5-5eca188521ac
dcff4524-494c-4c4b-aee9-14abe38bda4f,137af720-fb6d-49b7-b269-9e1886816475
24e90f9b-7e48-4495-aa72-df0bb55c1c8f,66440bd5-3703-4784-a5df-999f54eda28d
078d5c30-1c96-4af9-9fb6-85bb5a13407c,3b622a25-5183-45b7-8d74-3d563c55144a
a9656ded-1ca7-48e0-bfb3-bb7fe79c9667,06390c1d-c940-4756-b348-7ec3042a0514
224da422-6f38-43ea-a414-265f876fa6d7,b08894d6-fe28-4738-b7f6-1008e5afbedc
f155c894-9972-4946-b63f-4ed6501655a6,f3d0579f-b89c-47cb-8050-cc4bfafa4993
70647f43-519f-471c-87f5-069bbb3b79ab,b4cb42ff-debd-4f76-907c-8550f6b41b38
47d1018a-a45a-483a-969a-80cffe3480dd,d2031fc2-eb6d-46c5-b0b5-1d2e3a29abf0
63175ece-984f-46ff-bca4-9cc68bbbb592,ce06abba-48be-434a-9644-397ad55e635e
9d76465e-053c-4705-8677-e879d220ce55,ccd61f7e-7d47-46de-b664-0ce15a44e265
4888b7bc-5b88-4d4d-b279-cb25d7d5fd0c,5fea1a52-e3ca-47b5-bcae-11822682d37d
26257a60-7395-48c3-b588-fcfc9b16db10,5c644f1c-f1a2-4631-ae89-1bcc2fb97fd3
a56d0923-18fb-45c8-a120-2e4d3c12cc02,23594ee6-90ad-4aa2-937c-bf0eeff39a16
58078e2c-2c49-487e-b200-c20a1b255a2b,30d72cc3-b873-4ad1-92c4-de6ed7e6019e
d3fa6330-410c-4e27-bae0-2cebcba9e72e,432f0130-628b-47e6-89dc-e15e5b858957
a03d9083-1ee0-42f6-866d-bde212268cab,2379fa3b-551f-4899-86ac-ea3e9efae231
ba19e3bc-08be-4655-893a-4b9cfd520008,0fc16e45-12b8-4431-a581-e81a73a23447
720275be-da6c-42a1-967a-9e510c6cdf51,91969a4f-5bf3-478c-9161-e05923bb89f1
7503b99e-0712-4b53-8039-14dfa0f0bb9a,cb1ff9dd-c9f4-4939-9360-8b5b2e2f0d8f
782590e7-d30b-4e18-a53a-f78a70b6a21f,b7a28834-a483-4a33-8ef1-7e44447b1d57
d9f73754-6624-435c-afb3-c11ba2272c5c,d2de89bf-3cbb-41a7-87bb-098beb9d9e1b
d160becc-4809-4a49-a8c6-d80af65a6aba,18bb4efa-0fd3-4868-967b-8208fe6e015c
8c8b24e2-e52e-4d09-a505-64997aa7aa79,f941d14b-21e1-4a67-acdb-fa92d4fe523e
1e955482-73a3-4a52-bd6f-7f693356cf17,38ab8314-d421-49c1-b647-640d228eb535
32382ec8-c1db-49d4-a0d9-9fa3fd6e5794,6074f0f0-f724-4a18-8cdc-3d455c304655
41f4dd13-eda7-4f66-ab32-25e368cfd30f,5f905b3a-e8ed-421d-a0ed-753c75c906a4
b0bf4dfe-1cf5-41ad-85f4-7e3806d4d3ab,2a1af99d-f479-4823-a751-6d20967769a1
10ee7612-7945-41ad-8803-ee1e71f67f58,4e58f666-022f-43df-be0d-6c5107142ed6
95036645-bebf-4044-9636-a988e3d72de0,b20c7a80-a0a0-43b7-9c0d-a0cfb0186391
e6bb3e5a-79b9-4a81-9c53-a9dcb0d58084,5e2f435b-c955-45af-a18a-f6bdcba5d07f
5398640c-fd7b-4753-a636-7be826010f1b,c35f9182-164f-47ae-b02b-1670a2a59e18
5bb8d6f2-6e1d-459a-b593-768e8b27485b,117c8ad0-b2d2-4b5b-a2dc-a01782ce9f7c
3f11f98a-e6a0-41fd-869f-dce40ea248b3,5409de57-4eb7-4ad5-8f12-f1320f85a1f6
f0738f58-6442-4427-b158-89d9a4342657,cbdf120c-f100-4cd3-b7e2-14e5e32ddfea
b0211604-014e-4ec1-b5bf-6c431a71bd11,385fde37-b470-4d39-9f62-e2a77411da00
33d02b30-eacf-4ab6-baab-5c6cc494936a,5c5fde40-395b-49f5-8432-d83e0d43c77f
509bddd6-d31c-440f-a359-885d48d72328,b8136160-d811-400e-bccf-aaa9bae4ca9c
2384a903-ee05-4133-8ecc-1fd84deffdd2,cd60e75c-ecad-4e2b-88c5-9de43e94fd4e
90009982-1042-429d-84a9-6e2438635dc9,38efdb0e-fd6c-4367-94bf-d20ab5a05b4f
066991ef-06f3-46c9-8407-ea9cb3fb3f20,9f16a91c-097c-4d20-8a22-8c89f08085bd
9dbadda0-2c7e-411c-882c-911cb9862cfc,aebd79e1-9568-427a-a13d-a5a5d3a68d12
6cc68653-f7b2-4f17-81cf-3d564d37368e,ae7ba4f6-5deb-4172-a545-99bd0d0ddebf
81d5246d-cdff-4326-b139-0e2f972b86ee,ae51f272-a545-4236-addd-59030671475a
ef517d2d-ed2e-4534-b6b1-ce92332e4d1a,38efdb0e-fd6c-4367-94bf-d20ab5a05b4f
3e2b270f-4394-4494-bf33-5ae04729a21e,55be56dd-d1df-4bd4-b62c-e7b90aa94483
f3b782d8-ca0e-4ab6-9e69-c7aeba48d203,949b9058-4b10-4c74-85c3-eebfc531e9bc
6cc68653-f7b2-4f17-81cf-3d564d37368e,68e0a6bf-6d9d-4061-8dc3-03c7dfc43e72
7826c9f3-dd87-4df7-ad6d-5cb098bc0f8f,814a4a06-cac7-4d2f-8e84-8fb059f6628a
d38a99b9-d69e-454b-aa4a-fb405d9814b3,aa9d435f-e844-4bf9-a2e0-4e3488a3c262
710fbb0e-351f-42df-9d8c-5d96addc32e0,b85cd6dc-db89-4a5e-8ec4-83d4b58de121
ed6ca255-23e2-4492-bffd-254d838c7a88,919857bd-3b93-4c7d-9776-e1015fb70eb0
0d94ba60-93e8-4df6-8827-f003a4d09ede,119e05cf-d858-4047-91ca-d31984737373
8eb113e0-4a35-4d1b-a06a-ce8ae8f4d868,65e87a71-44a7-4f50-92a5-6d09ce192a2e
55ffe13e-fdb8-48a0-889d-d98e2f29a8d7,db2b09ed-122f-4ccd-bf27-6a41ca0bcba3
97b070c8-93ee-4a66-b649-b995c98353eb,aed227b5-4b00-4d63-a89f-0384db6134cb
66d8c9fe-b77f-4ba5-a21c-da9e9486c87d,90c383dc-ec3d-4a0c-8bb2-5ed43cbf9557
493f9762-97e1-4410-b4ef-e4a82c5cd76d,c6e60f6b-fce7-45c3-9988-655872517b98
cc5b5672-e301-45df-a416-f9355699e709,911771c6-3478-4531-979f-336d5f75fc1c
1de1bfe7-142c-4c36-b2b5-c573d2b40ee7,c7ad48c5-671e-48e5-a0ba-8704cec4b75d
51ee8381-cacb-4c9b-bb97-d4853685db91,1ff9b791-dea2-4c8a-883d-d708ae7a1ec2
e16b559a-0c3e-4a17-b435-d3a20d04d4b8,ae7ba4f6-5deb-4172-a545-99bd0d0ddebf
fb115e62-6d5d-43d3-a27f-0c036701518f,1352e159-49ee-4c56-8685-30b6aad76b8f
85681f0c-2c08-4b45-9eca-4d64775f3a05,671f2e54-17b0-4e10-8b35-8c5696f605f8
dcff4524-494c-4c4b-aee9-14abe38bda4f,d439864f-9004-4466-87a0-a5d53c14dd71
b7226bc8-676d-423f-a94e-0eaebdf5196f,f970a81e-bf79-49f6-991e-340decd56125
67c02247-86f3-4817-8f04-1bd004179cf4,c73dedb3-ceb7-40eb-adba-77e76a7b1d3c
ce415660-9895-48d7-bbc7-5153177b381d,890432c7-8e9b-40eb-9d8d-b6b4f6bb4242
13d7f152-c4bb-4925-82f8-11e4b45ad293,aee4cd24-2635-42cc-8b8a-ea4d4bb98515
ef6906e7-f8a2-4ec5-9779-95dbfb3d8727,5409de57-4eb7-4ad5-8f12-f1320f85a1f6
02c1171c-b21c-4008-b391-e96bf73257d3,b9ffc751-7706-4518-b063-566e37822aae
5c81b051-f3fd-4d6e-83c3-08968a5e12ce,a944c7ae-61f5-429f-b0a8-3c9bf542393f
e0e8090a-2418-48cc-8b09-72da120395c4,d42b025a-df9a-43c7-94e9-b948ab887054
091640c9-8edf-48ff-a4a5-bd7f3da2f70d,e823a6e5-7b17-467e-847f-94290dd1e4bf
b0de72f2-dabf-4c10-a84b-35a4c1fc5b5e,b33af0f5-eb62-4a16-be30-68cd3dd48ec5
59263235-4704-4068-8231-505c25083cd3,347495f3-367d-496e-b2d7-9d9224019734
b0211604-014e-4ec1-b5bf-6c431a71bd11,204bc6f6-2a1b-4c53-bd4f-43b5f0aaf9c7
d004b078-8b06-4563-9c50-997fcecd645d,d3905de7-9fd7-44f3-b7e4-3109b1c0daf3
55ca26f3-3b4a-4b70-8d0d-4dcab3bb900d,a9adf4a2-64e6-45e2-bff8-5e2c40e47c48
76f3b814-88b1-4901-a791-d1b1dd5a2b36,47b4bda2-14f7-4248-aad2-b5794967b6f7
31f195b0-1885-4ca7-866c-b892be4ef8f3,2406f9d6-7355-45b5-9f9b-61671af67370
848a9740-535f-4fcd-8ddd-bed034060c41,2a074386-78cd-45cd-af80-dae9f7fa4124
147280c5-f65d-4837-9e32-0b1e08241ba9,782c976c-0559-4cf0-b012-00f21167cb56
83287fbf-4881-4ef8-9f0e-bcfc0caa80f2,204f108f-9d42-4695-8ab0-a2bdd22c8902
66d8c9fe-b77f-4ba5-a21c-da9e9486c87d,519bc392-190b-4110-b500-31fbfbfe4081
f524c0f7-dcc2-46b8-86e6-a33e485d3788,8c805505-f12c-4962-b37c-9a557dfe201f
891fe89c-4ef2-4513-bf1c-189dacb20dc3,d43f2d62-5fb5-46c5-82a0-ea8ddbbb6fb5
68d2c6bc-46b4-46be-97e0-8b7451e63fbb,f958cf50-74ad-46cd-a8c9-62369580f8d8
c045eedf-e96a-42dc-a288-bffe35fcd209,74337e4e-2052-46a6-8d6c-460813e4079e
27f88eba-eb8e-47ad-90ee-794fc5619058,79e2f00e-ead3-42e1-8d0e-25aefa289259
0663288a-d58d-4e4a-9a7f-4ea78121ecc0,917012a8-065a-43a9-b105-a94ea5930519
1b6821d8-5210-46a9-99ab-90f0d24d755f,cd5b9362-f000-4d75-91f2-e34a91fc2483
a11a020c-acd9-496d-afe7-fb34cacdc4ab,7e183387-8d16-4a9c-8237-d7f4559cd597
5f381045-9772-45da-aa03-c933e67bdede,110b44c0-0667-4fa2-86ed-1cea9d3259da
3cd971c5-8664-4785-803c-1cd3d2c7cdec,0c6ecd1d-95f2-4bc9-bb36-5508dfe6f7c3
a6d81c2e-6c6a-48c3-b9f9-580d7d03c747,621fd612-93bf-4659-b6d7-9ed6dcae618f
8bb26dd4-4e2f-4329-abbb-eadaaf78459c,12afecb5-06b0-4ed1-be14-96480e5a536a
38dce87a-523d-43a4-8664-f6aae4d21d37,5e231815-28c3-4013-8eaa-9d5a5555354f
3bdeff2e-e926-4df8-81d3-1ee955ba973b,7fb6c1e9-1bb2-414c-a5bb-be66a4a9d19f
24216629-0b86-471d-9d40-51e7fd6cb9c2,025bf70e-053c-47ae-8e86-fe4d720d040a
2a680994-dce1-40b1-a6d6-0d9f5931ca45,a09ffc0c-877b-4997-9fa6-2e97e5768680
091640c9-8edf-48ff-a4a5-bd7f3da2f70d,b20fa4fd-a762-4287-a24a-a96bcaff4164
aa626983-9d47-4fdc-a4ce-9c212342c87e,2fd82397-3f01-46a3-9120-2a876035af19
b1ff590d-4b4e-4023-a212-d9d40bace19c,4aca4d8a-099d-457e-b2af-f41bb72662d0
24b8825e-671b-4229-b45a-008a5a2d84ab,c35f9182-164f-47ae-b02b-1670a2a59e18
7c47f306-cc6c-4e97-b2ca-9d208d20a991,a626da6e-30fc-4419-b7f7-5e00175a551f
4ba1e2e2-f1fd-4692-b506-d159f404decc,4aca4d8a-099d-457e-b2af-f41bb72662d0
dc6017b2-5c26-4afc-9c1e-63644dc19f74,38aabbc5-7ba6-405f-b1a2-9001ae367b20
6268ceea-20d4-4816-9ece-7e4ac957bc04,92fc5254-c324-46e0-bf7d-a2bd65ea64a8
143774fe-6111-4708-bee4-75e3ffb84c7a,6941b61e-f85a-4c0e-ac54-5872f2a99e9f
15bf12f1-bcaf-474a-80ed-2f643d55a799,49c44985-4a0e-4e07-bd2e-951a0c8d8b2e
152fe13a-62c4-4bf8-ba88-0dde0eed12b9,fb586c77-b168-4a6f-a653-b4a5bef2749b
eafadedb-773c-48ec-b7e4-9e34e608460e,b9956feb-f55d-4c26-9c6e-0a87a9ca2abc
b962fc87-9708-4c24-b690-9e21b1641866,9b4a783c-959f-4b81-aba8-166257fbe1f2
60afc0ba-6a11-44e3-a5e1-07c687fe53cd,ed21b48f-7dad-4729-adc2-c7bfe8c88598
f7b07e45-0d50-4cdd-a95c-3399d2146ee4,1352e159-49ee-4c56-8685-30b6aad76b8f
3b998290-ce89-4fa6-8176-ba8770cbbcba,b3e53109-392b-438f-adea-3952420caac6
a1e09c00-5123-4a50-9b25-97aac4a3ea76,009f2d7e-a945-482f-95f4-97696a7fe977
152fe13a-62c4-4bf8-ba88-0dde0eed12b9,2421e538-e923-4b4b-963a-4b3a78587daf
6a25a8d6-9c9c-4db6-8d65-860146d028a9,858b835b-5ed5-4ff8-9fbd-2cbe39b8f8c2
3effbd7c-09b3-404e-b01b-d97597fa402c,dfb34e35-a19a-4522-a7c8-ffe13b6c502c
a11a020c-acd9-496d-afe7-fb34cacdc4ab,f16d2ea5-e07d-4c56-9b42-ff2b2481f7fd
65d1fa56-a31f-43d9-9fa4-0639f246e4cd,091190c0-9f71-4c15-beb5-ae3b266501fc
8b173d38-c4ad-49f9-9877-0ae6ae4eae8a,6389f7c0-d061-4b1a-bbee-bc84f81315d8
aa629021-e78f-43d1-ade2-130722874783,d637bba2-5020-43bc-9dba-f89f43e2ebd5
86eaaf14-1b99-423d-a962-3f4e6cccc5b7,b1c9d30f-e001-482f-b575-4bacc7259714
ed42b548-d5f7-4543-88b1-2a2f9e4b0d3c,b9ffc751-7706-4518-b063-566e37822aae
c8236f83-8f47-4937-a7b2-eea93a4759e8,31273e83-366b-490f-9381-6f4879f45bec
8021fa3f-a65f-4453-975f-5563b9f5ba1f,54e06258-66e9-42e4-8ee7-d16dbf4ad2da
8d197e8f-5df7-4f35-ac53-e1541359ffac,a05c1333-e8e3-46e7-b395-8e44ca2683ba
01fbd387-bdcc-4ecf-b7d2-57c6d624c8da,50b37bfb-c4fe-4351-9e77-a4fa3b9fccfb
f7b07e45-0d50-4cdd-a95c-3399d2146ee4,5239581c-074a-47c0-98b3-e27c2c236769
80c55aa4-dc68-49c2-84d2-791eeafa255e,42079f99-49b8-4b7b-bc41-7408f29b909e
caa370f0-014f-4a1d-a0ea-dc64076fcd6a,891bce08-3e4a-4c70-9205-b59c32935f22
b7de884e-cb83-49ac-8456-020eddc36a69,f715faa5-73d9-40af-89d8-3ab2d7831182
95036645-bebf-4044-9636-a988e3d72de0,7aecc99f-e561-4b1e-9b9b-6aaef6447996
fe939335-c831-453a-a353-d623ed8e4017,0949a1f0-43d8-4d61-b1fe-214c661866fc
08651e17-9055-4eb5-8ec8-1f771217984e,1609d873-ba32-4566-98c7-bc6ca9766667
9af38f48-ff4f-4786-b735-ab522649cb5e,7f635741-3d14-4847-9327-b7e96941e653
89d10314-9b98-41bf-bbf8-79a71eb72f08,3698b5bb-9b84-4e5f-b3fd-13f6420fa005
2a6bd9ce-8fb4-45c1-a747-e0e3ce43e234,29a392d5-4cc8-4b1d-b40a-f32e426fdd6f
c0944adc-c3d8-4db6-b0fd-9fe0bc1bef2a,e34951fa-2e5a-4a5d-a0b6-afcfc4fda1bb
fe5c43e0-8607-4ff7-9509-4f6e073b9830,4f5150eb-049b-4fa8-8907-f0662c86595d
43e9452b-181f-4a98-bf62-12a48d84c3ea,3798dbdc-8273-48f7-8fb8-e1ce9a6b963c
